id,name,firstName,lastName,party,chamber,district,title,status,phone,email,website,committees,legisGaGovId
ocd-person/938f2479-c51f-446a-87f0-76d4f07c61e5,Akbar Ali,Akbar,Ali,Democratic,House of Representatives,106,Representative,active,404-656-0116,akbar.ali@house.ga.gov,https://www.legis.ga.gov/members/house/5089,Creative Arts and Entertainment; Economic Development and Tourism; Urban Affairs,
ocd-person/a5a0998b-3837-4c4e-a66b-a567dc2f9d77,Al Williams,Al,Williams,Democratic,House of Representatives,168,Representative,active,404-656-6372,al.williams@house.ga.gov,https://www.legis.ga.gov/members/house/230,"Appropriations; Defense and Veterans Affairs; Economic Development and Tourism; Game, Fish and Parks; Regulated Industries; Rules; Rural Development",230
ocd-person/bb48e87c-29db-4a4d-a278-fa299be2020e,Alan Powell,Alan,Powell,Republican,House of Representatives,33,Representative,active,404-463-3793,alan.powell@house.ga.gov,https://www.legis.ga.gov/members/house/187,Appropriations; Governmental Affairs; Motor Vehicles; Public Safety and Homeland Security; Regulated Industries; Rules; Transportation,187
ocd-person/b001a55f-61fa-4e62-85fd-ac6c282f2711,Angela Moore,Angela,Moore,Democratic,House of Representatives,91,Representative,active,404-656-0126,angela.moore@house.ga.gov,https://www.legis.ga.gov/members/house/5008,"Creative Arts and Entertainment; Energy, Utilities and Telecommunications; Higher Education",5008
ocd-person/1d0deded-daaa-425b-b6aa-3612492dca5b,Angie O'Steen,Angie,O'Steen,Republican,House of Representatives,169,Representative,active,404-656-0254,angie.osteen@house.ga.gov,https://www.legis.ga.gov/members/house/5084,Agriculture and Consumer Affairs; Public and Community Health; Rural Development,
ocd-person/e16d6516-badc-4682-9e3a-84f30a44b060,Anne Westbrook,Anne,Westbrook,Democratic,House of Representatives,163,Representative,active,404-656-0116,anneallen.westbrook@house.ga.gov,https://www.legis.ga.gov/members/house/5054,Economic Development and Tourism; Judiciary; State Planning and Community Affairs,5054
ocd-person/3b3da57c-2f96-4a94-a7bc-eb6a814cc627,Arlene Beckles,Arlene,Beckles,Democratic,House of Representatives,96,Representative,active,404-656-0109,arlene.beckles@house.ga.gov,https://www.legis.ga.gov/members/house/5076,Special Rules; State Properties; Technology and Infrastructure Innovation,
ocd-person/fd2717f1-6294-4601-a027-8fc41195372c,Ben Watson,Ben,Watson,Republican,Senate,1,Senator,active,404-656-7880,ben.watson@senate.ga.gov,https://www.legis.ga.gov/members/senate/784,Administrative Affairs; Appropriations; Assignments; Economic Development and Tourism; Health and Human Services; Judiciary; Rules,784
ocd-person/e4e40f68-0970-4392-b739-3c68f749bcdc,Beth Camp,Beth,Camp,Republican,House of Representatives,135,Representative,active,404-656-7153,beth.camp@house.ga.gov,https://www.legis.ga.gov/members/house/5004,"Agriculture and Consumer Affairs; Energy, Utilities and Telecommunications; Judiciary Juvenile; State Planning and Community Affairs; Ways and Means",5004
ocd-person/8b4b00cb-6f78-4b69-b788-796b19d94752,Bethany Ballard,Bethany,Ballard,Republican,House of Representatives,147,Representative,active,404-656-0325,bethany.ballard@house.ga.gov,https://www.legis.ga.gov/members/house/5051,Appropriations; Defense and Veterans Affairs; Education; Special Rules,5051
ocd-person/c2c81ffc-f4b1-40f4-96b0-6309f89902ee,Betsy Holland,Betsy,Holland,Democratic,House of Representatives,54,Representative,active,404-656-0116,betsy.holland@house.ga.gov,https://www.legis.ga.gov/members/house/4943,Creative Arts and Entertainment; Higher Education; Intragovernmental Coordination; Small Business Development,4943
ocd-person/4dc87191-fa52-4c2f-bc9c-8823a8b4c882,Bill Cowsert,Bill,Cowsert,Republican,Senate,46,Senator,active,404-463-1366,bill.cowsert@senate.ga.gov,https://www.legis.ga.gov/members/senate/9,Finance; Health and Human Services; Insurance and Labor; Investigations Special; Judiciary; Reapportionment and Redistricting; Regulated Industries and Utilities; Rules,9
ocd-person/f2444048-8c14-45b2-b700-37f7899fa5bb,Bill Fincher,Bill,Fincher,Republican,House of Representatives,23,Representative,active,404-656-0254,bill.fincher@house.ga.gov,https://www.legis.ga.gov/members/house/5092,Judiciary Juvenile; Judiciary: Non-Civil; Transportation,
ocd-person/4a9ef816-9130-4510-a19e-3124e3f2aeed,Bill Hitchens,Bill,Hitchens,Republican,House of Representatives,161,Representative,active,404-656-5126,bill.hitchens@house.ga.gov,https://www.legis.ga.gov/members/house/823,Appropriations; Defense and Veterans Affairs; Economic Development and Tourism; Governmental Affairs; Public Safety and Homeland Security; Rules; Transportation,823
ocd-person/adefd0ba-43cd-4aae-9321-12f67e57ac8a,Bill Werkheiser,Bill,Werkheiser,Republican,House of Representatives,157,Representative,active,404-656-5132,bill.werkheiser@house.ga.gov,https://www.legis.ga.gov/members/house/863,"Appropriations; Energy, Utilities and Telecommunications; Industry and Labor; Judiciary Juvenile; Public Safety and Homeland Security; Resource Management Special; State Properties",863
ocd-person/23dfc274-73d1-45df-b381-67e597cf0b84,Bill Yearta,Bill,Yearta,Republican,House of Representatives,152,Representative,active,404-656-0254,bill.yearta@house.ga.gov,https://www.legis.ga.gov/members/house/4969,"Agriculture and Consumer Affairs; Appropriations; Banks and Banking; Economic Development and Tourism; Energy, Utilities and Telecommunications; Small Business Development",4969
ocd-person/449db918-10b7-4fa7-a047-eb9de416dce3,Billy Hickman,Billy,Hickman,Republican,Senate,4,Senator,active,404-463-1371,billy.hickman@senate.ga.gov,https://www.legis.ga.gov/members/senate/4972,"Appropriations; Education and Youth; Finance; Higher Education; Veterans, Military and Homeland Security",4972
ocd-person/96307d79-07d4-4f59-9dd3-b7f994d566d5,Billy Mitchell,Billy,Mitchell,Democratic,House of Representatives,88,Representative,active,404-656-0287,billy.mitchell@house.ga.gov,https://www.legis.ga.gov/members/house/172,Appropriations; Banks and Banking; Health; Regulated Industries; Urban Affairs,172
ocd-person/e9c5a2fc-3354-49e1-ac29-783502155fe7,Blake Tillery,Blake,Tillery,Republican,Senate,19,Senator,active,404-656-5038,blake.tillery@senate.ga.gov,https://www.legis.ga.gov/members/senate/4908,Appropriations; Finance; Government Oversight; Investigating Licensing Issues Special; Investigations Special; Judiciary; Reapportionment and Redistricting; Special Committee on Eliminating Georgia's Income Tax; State Institutions and Property,4908
ocd-person/60bb96c4-f20c-4918-b88b-d7857341e5f4,Bo Hatchett,Bo,Hatchett,Republican,Senate,50,Senator,active,404-656-7454,bo.hatchett@senate.ga.gov,https://www.legis.ga.gov/members/senate/4984,Agriculture and Consumer Affairs; Appropriations; Children and Families; Education and Youth; Ethics; Health and Human Services; Investigations Special; Judiciary; Reapportionment and Redistricting,4984
ocd-person/933a841a-19d6-42c2-a046-991ff9903a23,Brad Thomas,Brad,Thomas,Republican,House of Representatives,21,Representative,active,404-656-0152,brad.thomas@house.ga.gov,https://www.legis.ga.gov/members/house/4991,"Defense and Veterans Affairs; Energy, Utilities and Telecommunications; Governmental Affairs; Intragovernmental Coordination; Resource Management Special; Retirement; Technology and Infrastructure Innovation; Transportation",4991
ocd-person/c0b205e2-1542-4802-896d-fa7b2b6fc4d9,Brent Cox,Brent,Cox,Republican,House of Representatives,28,Representative,active,404-656-0152,brent.cox@house.ga.gov,https://www.legis.ga.gov/members/house/5021,Agriculture and Consumer Affairs; Education; Technology and Infrastructure Innovation; Transportation,5021
ocd-person/a53e6bbd-a5b8-436b-94ae-bebf957c5b61,Brian Prince,Brian,Prince,Democratic,House of Representatives,132,Representative,active,404-656-0298,brian.prince@house.ga.gov,https://www.legis.ga.gov/members/house/847,Appropriations; Defense and Veterans Affairs; Investigating Licensing Issues Special; Motor Vehicles; Reapportionment and Redistricting; Technology and Infrastructure Innovation; Transportation; Urban Affairs; Ways and Means,847
ocd-person/3a5721a0-d848-40d0-a48a-66b797e7d7d9,Brian Strickland,Brian,Strickland,Republican,Senate,42,Senator,active,404-656-0508,brian.strickland@senate.ga.gov,https://www.legis.ga.gov/members/senate/835,Appropriations; Banking and Financial Institutions; Children and Families; Ethics; Health and Human Services; Judiciary; Public Safety,835
ocd-person/13b7af1b-5b56-481b-a81a-2001846188a6,Bruce Williamson,Bruce,Williamson,Republican,House of Representatives,112,Representative,active,404-656-5025,bruce.williamson@house.ga.gov,https://www.legis.ga.gov/members/house/778,"Banks and Banking; Energy, Utilities and Telecommunications; Ethics; Insurance; Regulated Industries; Rules; Transportation; Ways and Means",778
ocd-person/b1187e7a-8cea-4e91-9c9f-7c7c61df3c85,Bryce Berry,Bryce,Berry,Democratic,House of Representatives,56,Representative,active,404-656-0220,bryce.berry@house.ga.gov,https://www.legis.ga.gov/members/house/5069,Economic Development and Tourism; Information and Audits; State Planning and Community Affairs,
ocd-person/d40576ac-fbc0-4b42-98ee-f6362063784d,Buddy DeLoach,Buddy,DeLoach,Republican,House of Representatives,167,Representative,active,404-656-7857,buddy.deloach@house.ga.gov,https://www.legis.ga.gov/members/house/303,Defense and Veterans Affairs; Ethics; Insurance; Judiciary; Judiciary Juvenile; Natural Resources and Environment; Reapportionment and Redistricting; Regulated Industries; Retirement,303
ocd-person/842218b5-88ae-4ba8-8395-756bf3340e16,Butch Parrish,Butch,Parrish,Republican,House of Representatives,158,Representative,active,404-656-5141,butch.parrish@house.ga.gov,https://www.legis.ga.gov/members/house/183,Appropriations; Banks and Banking; Economic Development and Tourism; Health; Healthcare Special; Human Relations and Aging; Public and Community Health; Rules,183
ocd-person/98850c9f-1c37-4177-9ad8-17d2b4d3c8d4,Carden Summers,Carden,Summers,Republican,Senate,13,Senator,active,404-656-9224,carden.summers@senate.ga.gov,https://www.legis.ga.gov/members/senate/4971,Agriculture and Consumer Affairs; Banking and Financial Institutions; Economic Development and Tourism; Higher Education; Regulated Industries and Utilities,4971
ocd-person/562e162f-2a60-441c-956b-11db12eef266,Carl Gilliard,Carl,Gilliard,Democratic,House of Representatives,162,Representative,active,404-656-7859,carl.gilliard@house.ga.gov,https://www.legis.ga.gov/members/house/4881,Appropriations; Creative Arts and Entertainment; Insurance; Natural Resources and Environment; Reapportionment and Redistricting; Transportation,4881
ocd-person/3646e872-85a6-4383-97c5-36ff96ca7113,Carmen Rice,Carmen,Rice,Republican,House of Representatives,139,Representative,active,404-656-0188,carmen.rice@house.ga.gov,https://www.legis.ga.gov/members/house/5064,Education; Judiciary Juvenile; Resource Management Special; Transportation,
ocd-person/0f5a9273-2fc6-458f-af59-b75070a1dc76,Carolyn Hugley,Carolyn,Hugley,Democratic,House of Representatives,141,Representative,active,404-656-5058,carolyn.hugley@house.ga.gov,https://www.legis.ga.gov/members/house/133,Appropriations; Banks and Banking; Ethics; Insurance; Rules; Urban Affairs,133
ocd-person/72370a62-92f4-46f1-ab7b-193a643085b8,Carter Barrett,Carter,Barrett,Republican,House of Representatives,24,Representative,active,404-656-0152,carter.barrett@house.ga.gov,https://www.legis.ga.gov/members/house/5020,Appropriations; Banks and Banking; Code Revision; Higher Education; Ways and Means,5020
ocd-person/0d75f0d9-0242-4f72-b4f3-1cd085eb26b6,Charlice Byrd,Charlice,Byrd,Republican,House of Representatives,20,Representative,active,404-656-0213,charlice.byrd@house.ga.gov,https://www.legis.ga.gov/members/house/75,"Budget and Fiscal Affairs Oversight; Economic Development and Tourism; Game, Fish and Parks; Human Relations and Aging; Judiciary: Non-Civil; State Planning and Community Affairs; Transportation",75
ocd-person/cba2f06c-773c-49d3-949c-b1a2db377c21,Chas Cannon,Chas,Cannon,Republican,House of Representatives,172,Representative,active,404-656-0177,charles.cannon@house.ga.gov,https://www.legis.ga.gov/members/house/5058,Agriculture and Consumer Affairs; Appropriations; Defense and Veterans Affairs; Information and Audits; Natural Resources and Environment; Resource Management Special; Ways and Means,5058
ocd-person/d79c3e9b-b73d-416b-9bfd-8a0338d8256c,Chris Erwin,Chris,Erwin,Republican,House of Representatives,32,Representative,active,404-656-7850,chris.erwin@house.ga.gov,https://www.legis.ga.gov/members/house/4965,Appropriations; Education; Insurance; Intragovernmental Coordination; Retirement; Rules; State Planning and Community Affairs,4965
ocd-person/3ff894cb-f2e4-47d0-9f67-b125245a10c3,Chuck Efstration,Chuck,Efstration,Republican,House of Representatives,104,Representative,active,404-656-5052,chuck.efstration@house.ga.gov,https://www.legis.ga.gov/members/house/846,Appropriations; Ethics; Insurance; Investigating Licensing Issues Special; Judiciary; Judiciary Juvenile; Judiciary: Non-Civil; Reapportionment and Redistricting; Rules; Ways and Means,846
ocd-person/b11d0191-cd84-4a93-add6-ee65494caff2,Chuck Hufstetler,Chuck,Hufstetler,Republican,Senate,52,Senator,active,404-656-0034,chuck.hufstetler@senate.ga.gov,https://www.legis.ga.gov/members/senate/838,Appropriations; Finance; Health and Human Services; Higher Education; Retirement; Rules; Special Committee on Eliminating Georgia's Income Tax,838
ocd-person/42517dd7-eccb-4d22-a795-cbd010b69ee6,Chuck Martin,Chuck,Martin,Republican,House of Representatives,49,Representative,active,404-656-5146,chuck.martin@house.ga.gov,https://www.legis.ga.gov/members/house/164,"Appropriations; Creative Arts and Entertainment; Energy, Utilities and Telecommunications; Higher Education; Regulated Industries; Retirement; Rules; Ways and Means",164
ocd-person/1ac93f89-f367-4de3-82ba-79fa78d4d134,Chuck Payne,Chuck,Payne,Republican,Senate,54,Senator,active,404-656-5080,chuck.payne@senate.ga.gov,https://www.legis.ga.gov/members/senate/4909,"Children and Families; Education and Youth; Higher Education; Public Safety; Science and Technology; Veterans, Military and Homeland Security",4909
ocd-person/e1a9102d-f845-47f5-882e-e344eef060ec,Clint Crowe,Clint,Crowe,Republican,House of Representatives,118,Representative,active,404-656-0325,clint.crowe@house.ga.gov,https://www.legis.ga.gov/members/house/5002,Banks and Banking; Judiciary: Non-Civil; Public Safety and Homeland Security; State Planning and Community Affairs; Technology and Infrastructure Innovation; Ways and Means,5002
ocd-person/17a7e011-73f2-4ac5-8470-3436b47a6744,Clint Dixon,Clint,Dixon,Republican,Senate,45,Senator,active,404-463-2518,clint.dixon@senate.ga.gov,https://www.legis.ga.gov/members/senate/4982,Appropriations; Economic Development and Tourism; Education and Youth; Metropolitan Atlanta Rapid Transit Overview; Rules; State and Local Governmental Operations; Transportation,4982
ocd-person/ec6cf250-ebcc-4dda-89a5-12da9ebbe51a,Dale Washburn,Dale,Washburn,Republican,House of Representatives,144,Representative,active,404-656-0152,dale.washburn@house.ga.gov,https://www.legis.ga.gov/members/house/4958,Appropriations; Banks and Banking; Creative Arts and Entertainment; Higher Education; Public and Community Health; Regulated Industries; Ways and Means,4958
ocd-person/1a9598cc-056f-4725-a3fb-64c3f0fd26ed,Danny Mathis,Danny,Mathis,Republican,House of Representatives,133,Representative,active,404-656-0152,danny.mathis@house.ga.gov,https://www.legis.ga.gov/members/house/4959,Agriculture and Consumer Affairs; Appropriations; Human Relations and Aging; Motor Vehicles; Public Safety and Homeland Security; Small Business Development; Transportation,4959
ocd-person/1f94316e-fb58-401f-bbfc-5ada0a717b6b,Dar'shun Kendrick,Dar'shun,Kendrick,Democratic,House of Representatives,95,Representative,active,404-656-0202,darshun.kendrick@house.ga.gov,https://www.legis.ga.gov/members/house/770,Economic Development and Tourism; Judiciary Juvenile; Judiciary: Non-Civil; Small Business Development; Technology and Infrastructure Innovation,770
ocd-person/d00eb950-0fb6-41ab-ae22-8e9ce84d7cf0,Darlene Taylor,Darlene,Taylor,Republican,House of Representatives,173,Representative,active,404-463-2246,darlene.taylor@house.ga.gov,https://www.legis.ga.gov/members/house/786,Agriculture and Consumer Affairs; Appropriations; Healthcare Special; Insurance; Public and Community Health; Reapportionment and Redistricting; Rules; Transportation,786
ocd-person/ad18dba4-9247-4542-95b1-2ccef815dbc7,David Clark,David,Clark,Republican,House of Representatives,100,Representative,active,404-656-0188,david.clark@house.ga.gov,https://www.legis.ga.gov/members/house/867,Defense and Veterans Affairs; Economic Development and Tourism; Education; Health; Interstate Cooperation; Intragovernmental Coordination; Transportation,867
ocd-person/9bcfa0eb-ee7d-4762-9555-7bc4a67d6417,David Huddleston,David,Huddleston,Republican,House of Representatives,72,Representative,active,404-656-0325,david.huddleston@house.ga.gov,https://www.legis.ga.gov/members/house/5033,"Agriculture and Consumer Affairs; Energy, Utilities and Telecommunications; Interstate Cooperation; Natural Resources and Environment; Resource Management Special",5033
ocd-person/0f288c5b-484a-4b70-8209-0a23f922edd1,David Jenkins,David,Jenkins,Republican,House of Representatives,136,Representative,active,404-656-0188,david.jenkins@house.ga.gov,https://www.legis.ga.gov/members/house/5005,Agriculture and Consumer Affairs; Defense and Veterans Affairs; Judiciary Juvenile; Public Safety and Homeland Security; Regulated Industries; Retirement; Transportation,5005
ocd-person/4b05e770-4423-4b64-8ae1-9600e8c73244,David Lucas,David,Lucas,Democratic,Senate,26,Senator,active,404-656-0150,david.lucas@senate.ga.gov,https://www.legis.ga.gov/members/senate/157,Appropriations; Health and Human Services; Insurance and Labor; Regulated Industries and Utilities; Transportation; Urban Affairs,157
ocd-person/9a8e7b0c-3c19-473f-b04a-d3a17037af0a,David Sampson,David,Sampson,Democratic,House of Representatives,153,Representative,active,404-656-0109,david.sampson@house.ga.gov,https://www.legis.ga.gov/members/house/5052,Agriculture and Consumer Affairs; Human Relations and Aging; Insurance,5052
ocd-person/83a7bbf2-d69c-4813-bbeb-52820e6b9af4,David Wilkerson,David,Wilkerson,Democratic,House of Representatives,38,Representative,active,404-656-0314,david.wilkerson@house.ga.gov,https://www.legis.ga.gov/members/house/760,Budget and Fiscal Affairs Oversight; Education; Judiciary Juvenile; Retirement,760
ocd-person/5061bc6b-83af-46d0-a78d-30ebe10a63db,Debbie Buckner,Debbie,Buckner,Democratic,House of Representatives,137,Representative,active,404-656-0116,debbie.buckner@house.ga.gov,https://www.legis.ga.gov/members/house/71,Appropriations; Natural Resources and Environment; Retirement; Rural Development; State Properties; Ways and Means,71
ocd-person/b824f8fd-7343-449d-8027-fcd0afaf1949,Deborah Silcox,Deborah,Silcox,Republican,House of Representatives,53,Representative,active,404-657-1803,deborah.silcox@house.ga.gov,https://www.legis.ga.gov/members/house/4887,Code Revision; Health; Judiciary; Judiciary: Non-Civil; Metropolitan Atlanta Rapid Transit Overview; Urban Affairs,4887
ocd-person/1bb8d14b-9d5d-4edd-8c93-37e95991a8e4,Debra Bazemore,Debra,Bazemore,Democratic,House of Representatives,69,Representative,active,404-656-0202,debra.bazemore@house.ga.gov,https://www.legis.ga.gov/members/house/4890,Economic Development and Tourism; Governmental Affairs; Human Relations and Aging; Natural Resources and Environment; Small Business Development,4890
ocd-person/016fb7f0-2b08-4587-b7f2-8d18c1d9b8f5,Demetrius Douglas,Demetrius,Douglas,Democratic,House of Representatives,78,Representative,active,404-656-7859,demetrius.douglas@house.ga.gov,https://www.legis.ga.gov/members/house/817,Banks and Banking; Health; Insurance; Intragovernmental Coordination; Metropolitan Atlanta Rapid Transit Overview; Motor Vehicles,817
ocd-person/73918c45-83c1-4d52-a84d-3ad7ad8de40b,Derek Mallow,Derek,Mallow,Democratic,Senate,2,Senator,active,404-656-7586,derek.mallow@senate.ga.gov,https://www.legis.ga.gov/members/senate/5007,Children and Families; Economic Development and Tourism; Ethics; Investigating Licensing Issues Special; State and Local Governmental Operations; Transportation,5007
ocd-person/9046fcb2-f3eb-4233-bd92-32c94e60f9df,Derrick Jackson,Derrick,Jackson,Democratic,House of Representatives,68,Representative,active,404-656-7859,derrick.jackson@house.ga.gov,https://www.legis.ga.gov/members/house/4891,Budget and Fiscal Affairs Oversight; Defense and Veterans Affairs; Regulated Industries; State Planning and Community Affairs,4891
ocd-person/3a323603-753e-4380-993c-9bb2a7fc55f3,Derrick McCollum,Derrick,McCollum,Republican,House of Representatives,30,Representative,active,404-656-0152,derrick.mccollum@house.ga.gov,https://www.legis.ga.gov/members/house/5022,Defense and Veterans Affairs; Natural Resources and Environment; Public Safety and Homeland Security; Regulated Industries; Transportation,5022
ocd-person/8f76af22-98dc-4e1e-ba99-75b87c1129d6,Devan Seabaugh,Devan,Seabaugh,Republican,House of Representatives,34,Representative,active,404-651-7737,devan.seabaugh@house.ga.gov,https://www.legis.ga.gov/members/house/5009,"Appropriations; Creative Arts and Entertainment; Energy, Utilities and Telecommunications; Industry and Labor; Public and Community Health; Transportation",5009
ocd-person/8afda706-7afa-462c-89f2-0d6d5da010ff,Dewey McClain,Dewey,McClain,Democratic,House of Representatives,109,Representative,active,404-656-0220,dewey.mcclain@house.ga.gov,https://www.legis.ga.gov/members/house/845,"Game, Fish and Parks; Industry and Labor; Motor Vehicles; State Planning and Community Affairs",845
ocd-person/efb9168c-b45a-4f43-bba5-d6f05e7d9cbe,Doc Rhett,Doc,Rhett,Democratic,Senate,33,Senator,active,404-656-0054,michael.rhett@senate.ga.gov,https://www.legis.ga.gov/members/senate/855,Finance; Judiciary; Reapportionment and Redistricting; Regulated Industries and Utilities; Rules; Special Committee on Eliminating Georgia's Income Tax,855
ocd-person/81dde544-49e9-4fb0-9313-32eacaf6194b,Don Parsons,Don,Parsons,Republican,House of Representatives,44,Representative,active,404-656-5143,don.parsons@house.ga.gov,https://www.legis.ga.gov/members/house/184,"Appropriations; Code Revision; Energy, Utilities and Telecommunications; Health; Intragovernmental Coordination; Resource Management Special; Technology and Infrastructure Innovation; Ways and Means",184
ocd-person/7f88fadb-2f51-48c7-8ae5-e20cd2f33e4a,Donzella James,Donzella,James,Democratic,Senate,28,Senator,active,404-463-1379,donzella.james@senate.ga.gov,https://www.legis.ga.gov/members/senate/372,Appropriations; Economic Development and Tourism; Education and Youth; Interstate Cooperation; Urban Affairs,372
ocd-person/818f1afb-2850-448e-99c1-be63a9acfe95,Doreen Carter,Doreen,Carter,Democratic,House of Representatives,93,Representative,active,404-656-0220,doreen.carter@house.ga.gov,https://www.legis.ga.gov/members/house/3877,Agriculture and Consumer Affairs; Code Revision; Economic Development and Tourism; Education; Small Business Development,3877
ocd-person/6be704ef-6250-4e08-86d3-f5fa2e1eebf3,Drew Echols,Drew,Echols,Republican,Senate,49,Senator,active,404-463-3931,drew.echols@senate.ga.gov,https://www.legis.ga.gov/members/senate/5067,Agriculture and Consumer Affairs; Appropriations; Economic Development and Tourism; Retirement; Science and Technology,
ocd-person/4cf7c975-678b-4e21-9877-6d22d7b37916,Ed Harbison,Ed,Harbison,Democratic,Senate,15,Senator,active,404-656-0074,ed.harbison@senate.ga.gov,https://www.legis.ga.gov/members/senate/17,"Appropriations; Insurance and Labor; Reapportionment and Redistricting; Regulated Industries and Utilities; Rules; Special Committee on Eliminating Georgia's Income Tax; State Institutions and Property; Veterans, Military and Homeland Security",17
ocd-person/777f58bb-9d6b-4755-ab7b-b94d11629cb5,Ed Setzler,Ed,Setzler,Republican,Senate,37,Senator,active,404-656-0256,ed.setzler@senate.ga.gov,https://www.legis.ga.gov/members/senate/203,"Appropriations; Education and Youth; Health and Human Services; Science and Technology; State and Local Governmental Operations; Veterans, Military and Homeland Security",203
ocd-person/f33d979c-554c-433e-ad0f-837eef1da589,Eddie Lumsden,Eddie,Lumsden,Republican,House of Representatives,12,Representative,active,404-656-7850,eddie.lumsden@house.ga.gov,https://www.legis.ga.gov/members/house/826,Appropriations; Defense and Veterans Affairs; Governmental Affairs; Human Relations and Aging; Insurance; Public Safety and Homeland Security; Rules,826
ocd-person/18427775-e3e7-4730-bb6f-722616e6aebe,Edna Jackson,Edna,Jackson,Democratic,House of Representatives,165,Representative,active,404-656-0265,edna.jackson@house.ga.gov,https://www.legis.ga.gov/members/house/5011,Appropriations; Economic Development and Tourism; Higher Education; Human Relations and Aging; Urban Affairs,5011
ocd-person/4615e308-db74-408f-89df-02be56b5013b,El-Mahdi Holly,El-Mahdi,Holly,Democratic,House of Representatives,116,Representative,active,404-656-0287,el-mahdi.holly@house.ga.gov,https://www.legis.ga.gov/members/house/4954,Code Revision; Industry and Labor; Judiciary: Non-Civil; Small Business Development; Transportation,4954
ocd-person/3f15ad5e-877d-44aa-b5b3-b24587c42685,Elena Parent,Elena,Parent,Democratic,Senate,44,Senator,active,404-656-5109,elena.parent@senate.ga.gov,https://www.legis.ga.gov/members/senate/768,Appropriations; Education and Youth; Government Oversight; Judiciary,768
ocd-person/acc7c167-6251-4ce8-8021-511acfa291ef,Emanuel Jones,Emanuel,Jones,Democratic,Senate,10,Senator,active,404-656-0502,emanuel.jones@senate.ga.gov,https://www.legis.ga.gov/members/senate/28,Appropriations; Banking and Financial Institutions; Economic Development and Tourism; Interstate Cooperation; Natural Resources and the Environment; Urban Affairs,28
ocd-person/3b2b9f31-6859-4582-8d82-581597c0c178,Emory Dunahoo,Emory,Dunahoo,Republican,House of Representatives,31,Representative,active,404-656-7857,emory.dunahoo@house.ga.gov,https://www.legis.ga.gov/members/house/797,"Agriculture and Consumer Affairs; Appropriations; Banks and Banking; Game, Fish and Parks; Human Relations and Aging; State Properties",797
ocd-person/fe4b934e-8976-4c62-bcb0-ed8ae9782560,Eric Bell,Eric,Bell,Democratic,House of Representatives,75,Representative,active,404-656-0126,eric.bell@house.ga.gov,https://www.legis.ga.gov/members/house/5061,Defense and Veterans Affairs; Human Relations and Aging; Small Business Development,5061
ocd-person/abece831-30a8-4cf8-94ff-d41f7f48197f,Eric Gisler,Eric,Gisler,Democratic,House of Representatives,121,Representative,active,404-656-0287,eric.gisler@house.ga.gov,https://www.legis.ga.gov/members/house/5091,Defense and Veterans Affairs; Health; Intragovernmental Coordination,
ocd-person/bdc621be-7296-4383-8c45-b4533d1c106c,Esther Panitch,Esther,Panitch,Democratic,House of Representatives,51,Representative,active,404-656-0287,esther.panitch@house.ga.gov,https://www.legis.ga.gov/members/house/5026,Judiciary Juvenile; Judiciary: Non-Civil; Public Safety and Homeland Security,5026
ocd-person/b261086c-7b16-4a8e-82a6-22df4445af84,Floyd Griffin,Floyd,Griffin,Democratic,House of Representatives,149,Representative,active,404-656-7859,floyd.griffin@house.ga.gov,https://www.legis.ga.gov/members/house/5083,Defense and Veterans Affairs; Special Rules; State Planning and Community Affairs,
ocd-person/9e417b67-da09-4516-b858-6b2458f53633,Frank Ginn,Frank,Ginn,Republican,Senate,47,Senator,active,404-656-9224,frank.ginn@senate.ga.gov,https://www.legis.ga.gov/members/senate/751,Appropriations; Economic Development and Tourism; Metropolitan Atlanta Rapid Transit Overview; Natural Resources and the Environment; Regulated Industries and Utilities; Rules; State and Local Governmental Operations; Transportation,751
ocd-person/dc99efc3-076b-4d00-b4b0-66a0507a4057,Gabe Okoye,Gabe,Okoye,Democratic,House of Representatives,102,Representative,active,404-656-0220,gabe.okoye@house.ga.gov,https://www.legis.ga.gov/members/house/5041,"Energy, Utilities and Telecommunications; Human Relations and Aging; Small Business Development",5041
ocd-person/bd990496-ea34-4b79-8d6f-68cfed424c15,Gabriel Sanchez,Gabriel,Sanchez,Democratic,House of Representatives,42,Representative,active,404-656-0126,gabriel.sanchez@house.ga.gov,https://www.legis.ga.gov/members/house/5068,Budget and Fiscal Affairs Oversight; Governmental Affairs; Interstate Cooperation,
ocd-person/df023a79-0194-4d1a-8755-5dee4053e1cc,Gail Davenport,Gail,Davenport,Democratic,Senate,17,Senator,active,404-463-5260,gail.davenport@senate.ga.gov,https://www.legis.ga.gov/members/senate/10,Appropriations; Metropolitan Atlanta Rapid Transit Overview; Natural Resources and the Environment; Retirement; State Institutions and Property,10
ocd-person/47fd36f3-f5d4-4ef6-a429-1ffc7681e233,Gary Richardson,Gary,Richardson,Republican,House of Representatives,125,Representative,active,404-656-0254,gary.richardson@house.ga.gov,https://www.legis.ga.gov/members/house/5063,Public Safety and Homeland Security; Public and Community Health; Transportation,
ocd-person/570a213a-a475-4fd3-ac36-23e1bd1190be,Gerald Greene,Gerald,Greene,Republican,House of Representatives,154,Representative,active,404-656-9210,gerald.greene@house.ga.gov,https://www.legis.ga.gov/members/house/115,Appropriations; Economic Development and Tourism; Public Safety and Homeland Security; Retirement; Rules; Rural Development; State Properties,115
ocd-person/be05ace3-ea73-4f3f-85ae-c5ed313d4cbe,Ginny Ehrhart,Ginny,Ehrhart,Republican,House of Representatives,36,Representative,active,404-656-5024,ginny.ehrhart@house.ga.gov,https://www.legis.ga.gov/members/house/4937,Higher Education; Information and Audits; Interstate Cooperation; Intragovernmental Coordination; Regulated Industries; Technology and Infrastructure Innovation; Transportation,4937
ocd-person/1f7d013a-8861-4e08-b6bf-7c8d36f8107c,Greg Dolezal,Greg,Dolezal,Republican,Senate,27,Senator,active,404-656-0040,greg.dolezal@senate.ga.gov,https://www.legis.ga.gov/members/senate/4925,Appropriations; Assignments; Education and Youth; Finance; Investigations Special; Reapportionment and Redistricting; Regulated Industries and Utilities; Rules; Special Committee on Eliminating Georgia's Income Tax; Transportation,4925
ocd-person/d7bfd125-d343-4acd-a4dc-480daf241af3,Harold Jones,Harold,Jones,Democratic,Senate,22,Senator,active,404-656-0036,harold.jones@senate.ga.gov,https://www.legis.ga.gov/members/senate/851,Administrative Affairs; Banking and Financial Institutions; Ethics; Investigations Special; Judiciary; Public Safety; Reapportionment and Redistricting; Regulated Industries and Utilities; Rules,851
ocd-person/b39e2164-d570-45f2-b271-5e2fbe99c8d6,Holt Persinger,Holt,Persinger,Republican,House of Representatives,119,Representative,active,404-656-6731,holt.persinger@house.ga.gov,https://www.legis.ga.gov/members/house/5060,Budget and Fiscal Affairs Oversight; Economic Development and Tourism; Natural Resources and Environment; Transportation,5060
ocd-person/e73cb2a6-bf3e-4211-a386-142c18a4f607,Houston Gaines,Houston,Gaines,Republican,House of Representatives,120,Representative,active,404-656-0152,houston.gaines@house.ga.gov,https://www.legis.ga.gov/members/house/4955,Appropriations; Insurance; Transportation; Ways and Means,4955
ocd-person/2a68d594-e7d5-49cd-b615-6efb872430c3,Imani Barnes,Imani,Barnes,Democratic,House of Representatives,86,Representative,active,404-656-0202,imani.barnes@house.ga.gov,https://www.legis.ga.gov/members/house/5037,Higher Education; Public and Community Health; Technology and Infrastructure Innovation,5037
ocd-person/f02d369f-2d48-4d8d-853d-77ce5a8810fc,Inga Willis,Inga,Willis,Democratic,House of Representatives,55,Representative,active,404-656-6372,inga.willis@house.ga.gov,https://www.legis.ga.gov/members/house/5027,Agriculture and Consumer Affairs; Economic Development and Tourism; Small Business Development,5027
ocd-person/37602f7b-947e-4067-8f2e-b2fec620643e,Jaclyn Ford,Jaclyn,Ford,Republican,House of Representatives,170,Representative,active,404-656-0325,jaclyn.ford@house.ga.gov,https://www.legis.ga.gov/members/house/5085,Agriculture and Consumer Affairs; Natural Resources and Environment; Rural Development,
ocd-person/fcd57129-480c-4fba-a0d1-7fb369706611,Jaha Howard,Jaha,Howard,Democratic,Senate,35,Senator,active,404-657-2099,jaha.howard@senate.ga.gov,https://www.legis.ga.gov/members/senate/5090,Agriculture and Consumer Affairs; Government Oversight; Higher Education; State and Local Governmental Operations,
ocd-person/dbce462d-74e3-42d3-bd6c-3b9f8eeb69fe,James Burchett,James,Burchett,Republican,House of Representatives,176,Representative,active,404-656-5024,james.burchett@house.ga.gov,https://www.legis.ga.gov/members/house/4967,"Appropriations; Energy, Utilities and Telecommunications; Ethics; Judiciary: Non-Civil; Public and Community Health; Rules; Rural Development; State Properties; Transportation",4967
ocd-person/85740034-23b0-4001-9190-8948bd9f3b37,Jan Jones,Jan,Jones,Republican,House of Representatives,47,Representative,active,404-656-5072,jan.jones@house.ga.gov,https://www.legis.ga.gov/members/house/142,Appropriations; Education; Ethics; Reapportionment and Redistricting; Regulated Industries; Rules; Technology and Infrastructure Innovation,142
ocd-person/0461f02b-df18-4984-8b3b-ada287879d0a,Jasmine Clark,Jasmine,Clark,Democratic,House of Representatives,108,Representative,active,404-656-0287,jasmine.clark@house.ga.gov,https://www.legis.ga.gov/members/house/4953,Banks and Banking; Budget and Fiscal Affairs Oversight; Health; Higher Education; Interstate Cooperation,4953
ocd-person/cb7d8c1d-3c26-4f35-8d37-d1cf8a7ce207,Jason Anavitarte,Jason,Anavitarte,Republican,Senate,31,Senator,active,404-656-0085,jason.anavitarte@senate.ga.gov,https://www.legis.ga.gov/members/senate/4980,"Administrative Affairs; Appropriations; Assignments; Ethics; Finance; Natural Resources and the Environment; Reapportionment and Redistricting; Rules; Special Committee on Eliminating Georgia's Income Tax; Transportation; Veterans, Military and Homeland Security",4980
ocd-person/584267b0-e40b-4d6e-a7fe-4c076eb6214c,Jason Dickerson,Jason,Dickerson,Republican,Senate,21,Senator,active,404-463-1378,jason.dickerson@senate.ga.gov,https://www.legis.ga.gov/members/senate/5088,"Banking and Financial Institutions; Government Oversight; Natural Resources and the Environment; Public Safety; Transportation; Veterans, Military and Homeland Security",
ocd-person/594aa971-500b-42a4-9d7a-1ceb4c029220,Jason Ridley,Jason,Ridley,Republican,House of Representatives,6,Representative,active,404-656-3947,jason.ridley@house.ga.gov,https://www.legis.ga.gov/members/house/4883,"Appropriations; Banks and Banking; Budget and Fiscal Affairs Oversight; Game, Fish and Parks; Motor Vehicles; Regulated Industries; Ways and Means",4883
ocd-person/38c596a4-df69-4a56-9329-be73f26bc7d5,Jesse Petrea,Jesse,Petrea,Republican,House of Representatives,166,Representative,active,404-656-5115,jesse.petrea@house.ga.gov,https://www.legis.ga.gov/members/house/862,"Appropriations; Game, Fish and Parks; Health; Healthcare Special; Human Relations and Aging; Industry and Labor; Natural Resources and Environment; Public Safety and Homeland Security",862
ocd-person/c862c17f-ed00-41d7-97e5-1138f451a96c,Joe Campbell,Joe,Campbell,Republican,House of Representatives,171,Representative,active,404-656-0254,joe.campbell@house.ga.gov,https://www.legis.ga.gov/members/house/4970,Agriculture and Consumer Affairs; Appropriations; Natural Resources and Environment; Rural Development; Special Rules; State Planning and Community Affairs; Transportation,4970
ocd-person/ac1cac30-3fec-4c56-b172-b483db465a6b,John Albers,John,Albers,Republican,Senate,56,Senator,active,404-463-8055,john.albers@senate.ga.gov,https://www.legis.ga.gov/members/senate/754,Appropriations; Finance; Government Oversight; Public Safety; Regulated Industries and Utilities; Rules; Urban Affairs,754
ocd-person/713cac52-0a57-4baa-8273-6eeca5b491df,John Carson,John,Carson,Republican,House of Representatives,46,Representative,active,404-656-7855,john.carson@house.ga.gov,https://www.legis.ga.gov/members/house/795,"Appropriations; Energy, Utilities and Telecommunications; Insurance; Retirement; Rules; Transportation; Ways and Means",795
ocd-person/a34c9a5a-f307-4c07-b766-3b3b1148d7b1,John Corbett,John,Corbett,Republican,House of Representatives,174,Representative,active,404-656-5105,john.corbett@house.ga.gov,https://www.legis.ga.gov/members/house/859,"Agriculture and Consumer Affairs; Game, Fish and Parks; Motor Vehicles; Natural Resources and Environment; Rural Development; Transportation; Ways and Means",859
ocd-person/9249be26-54d2-467a-88ec-2588b886148d,John LaHood,John,LaHood,Republican,House of Representatives,175,Representative,active,404-656-5105,john.lahood@house.ga.gov,https://www.legis.ga.gov/members/house/4923,"Appropriations; Game, Fish and Parks; Governmental Affairs; Human Relations and Aging; Information and Audits; Public and Community Health; Technology and Infrastructure Innovation",4923
ocd-person/8106e2d8-e1e3-42a8-b550-fbd2627fa474,Johnny Chastain,Johnny,Chastain,Republican,House of Representatives,7,Representative,active,404-656-0325,johnny.chastain@house.ga.gov,https://www.legis.ga.gov/members/house/5057,Banks and Banking; Natural Resources and Environment; Rural Development; Small Business Development,5057
ocd-person/64012657-d026-411c-9525-3232524a5145,Jon Burns,Jon,Burns,Republican,House of Representatives,159,Representative,active,404-656-5020,jon.burns@house.ga.gov,https://www.legis.ga.gov/members/house/73,,73
ocd-person/56f28f8a-9296-4e69-9bd4-d0101a42b359,Jordan Ridley,Jordan,Ridley,Republican,House of Representatives,22,Representative,active,404-656-0254,jordan.ridley@house.ga.gov,https://www.legis.ga.gov/members/house/5019,"Code Revision; Energy, Utilities and Telecommunications; Game, Fish and Parks; Public Safety and Homeland Security",5019
ocd-person/f36d2507-b19a-4ee5-b4f9-5c06df761edf,Joseph Gullett,Joseph,Gullett,Republican,House of Representatives,19,Representative,active,404-463-2248,joseph.gullett@house.ga.gov,https://www.legis.ga.gov/members/house/4936,Appropriations; Banks and Banking; Governmental Affairs; Insurance; Judiciary Juvenile; Judiciary: Non-Civil; Technology and Infrastructure Innovation,4936
ocd-person/0e45048c-c1a4-415f-9ee4-5d09ea857e2e,Josh Bonner,Josh,Bonner,Republican,House of Representatives,73,Representative,active,404-463-7853,josh.bonner@house.ga.gov,https://www.legis.ga.gov/members/house/4893,Appropriations; Creative Arts and Entertainment; Defense and Veterans Affairs; Economic Development and Tourism; Human Relations and Aging; Industry and Labor; Interstate Cooperation,4893
ocd-person/b83b0486-773f-4979-a1ce-e2f7f3e6d7e1,Josh McLaurin,Josh,McLaurin,Democratic,Senate,14,Senator,active,404-463-4228,josh.mclaurin@senate.ga.gov,https://www.legis.ga.gov/members/senate/4942,"Economic Development and Tourism; Retirement; Transportation; Veterans, Military and Homeland Security",4942
ocd-person/8b62e64b-bf80-4967-832b-8fb92cd6c4b3,Jutt Howard,Jutt,Howard,Republican,House of Representatives,71,Representative,active,404-656-0177,justin.howard@house.ga.gov,https://www.legis.ga.gov/members/house/5073,Agriculture and Consumer Affairs; Interstate Cooperation; Natural Resources and Environment,
ocd-person/eb28f991-35c9-4d84-a907-5be56aed1aff,Karen Lupton,Karen,Lupton,Democratic,House of Representatives,83,Representative,active,404-656-0314,karen.lupton@house.ga.gov,https://www.legis.ga.gov/members/house/5035,"Education; Energy, Utilities and Telecommunications; Human Relations and Aging",5035
ocd-person/f8db50e0-08ab-406c-ac8b-39c7038ef5ca,Karen Mathiak,Karen,Mathiak,Republican,House of Representatives,82,Representative,active,404-656-0213,karen.mathiak@house.ga.gov,https://www.legis.ga.gov/members/house/4894,Appropriations; Health; Higher Education; Insurance; Interstate Cooperation; Intragovernmental Coordination; Metropolitan Atlanta Rapid Transit Overview; State Planning and Community Affairs,4894
ocd-person/27365f19-a138-4a9e-9f6e-11352932e5d5,Karla Drenner,Karla,Drenner,Democratic,House of Representatives,85,Representative,active,404-656-0202,karla.drenner@house.ga.gov,https://www.legis.ga.gov/members/house/95,"Energy, Utilities and Telecommunications; Natural Resources and Environment; Public and Community Health; Resource Management Special; Rules; Small Business Development; Urban Affairs",95
ocd-person/4b3fdb35-d3fb-40aa-843e-d3900df37ce4,Karlton Howard,Karlton,Howard,Democratic,House of Representatives,129,Representative,active,404-656-6372,karlton.howard@house.ga.gov,https://www.legis.ga.gov/members/house/5056,Education; Interstate Cooperation; Public and Community Health,5056
ocd-person/97a40ea4-674f-4b84-8fd3-8bc2f3b4a35d,Kasey Carpenter,Kasey,Carpenter,Republican,House of Representatives,4,Representative,active,404-656-7857,kasey.carpenter@house.ga.gov,https://www.legis.ga.gov/members/house/4911,Appropriations; Creative Arts and Entertainment; Higher Education; Industry and Labor; Regulated Industries; Transportation; Ways and Means,4911
ocd-person/bf68b3dc-ca81-49f9-8e33-fe27317183d3,Katie Dempsey,Katie,Dempsey,Republican,House of Representatives,13,Representative,active,404-463-2248,katie.dempsey@house.ga.gov,https://www.legis.ga.gov/members/house/92,"Appropriations; Economic Development and Tourism; Energy, Utilities and Telecommunications; Healthcare Special; Higher Education; Public and Community Health; Rules; Transportation",92
ocd-person/fc31ab02-026c-4173-86db-570c0b297c64,Kay Kirkpatrick,Kay,Kirkpatrick,Republican,Senate,32,Senator,active,404-656-0508,kay.kirkpatrick@senate.ga.gov,https://www.legis.ga.gov/members/senate/4910,"Appropriations; Children and Families; Government Oversight; Health and Human Services; Insurance and Labor; Rules; Veterans, Military and Homeland Security",4910
ocd-person/0a816fbf-e5ec-4056-8b3e-08184400e71b,Kenya Wicks,Kenya,Wicks,Democratic,Senate,34,Senator,active,404-463-1562,kenya.wicks@senate.ga.gov,https://www.legis.ga.gov/members/senate/5065,"Government Oversight; Public Safety; Science and Technology; Urban Affairs; Veterans, Military and Homeland Security",
ocd-person/2f8621bc-0548-457c-8b0d-9148e14b77fe,Kim Jackson,Kim,Jackson,Democratic,Senate,41,Senator,active,404-656-6882,kim.jackson@senate.ga.gov,https://www.legis.ga.gov/members/senate/4981,Appropriations; Children and Families; Ethics; Investigations Special; Public Safety; Reapportionment and Redistricting; Rules,4981
ocd-person/eff357d0-3187-4a7b-93fe-2d54d010b093,Kim Schofield,Kim,Schofield,Democratic,House of Representatives,63,Representative,active,404-656-0298,kim.schoefield@house.ga.gov,https://www.legis.ga.gov/members/house/4916,Creative Arts and Entertainment; Health; Industry and Labor; Small Business Development; Urban Affairs,4916
ocd-person/275b772e-6407-4aaa-8bd6-ceddad1da7fa,Kimberly Alexander,Kimberly,Alexander,Democratic,House of Representatives,66,Representative,active,404-656-7859,kimberly.alexander@house.ga.gov,https://www.legis.ga.gov/members/house/806,Appropriations; Banks and Banking; Economic Development and Tourism; Motor Vehicles; Reapportionment and Redistricting,806
ocd-person/fc1a5e1f-6ce4-47ab-987b-095afa166359,Kimberly New,Kimberly,New,Republican,House of Representatives,40,Representative,active,404-656-0325,kimberly.new@house.ga.gov,https://www.legis.ga.gov/members/house/5030,Appropriations; Intragovernmental Coordination; Motor Vehicles; Natural Resources and Environment; Public Safety and Homeland Security,5030
ocd-person/1d9bb111-bf4f-4e4f-aa63-a2f6a94b566c,L.C. Myles,L.C.,Myles,Democratic,House of Representatives,126,Representative,active,404-656-0265,lc.myles@house.ga.gov,https://www.legis.ga.gov/members/house/5079,Interstate Cooperation; Intragovernmental Coordination; Public Safety and Homeland Security,
ocd-person/ae6e08e3-6971-4cd2-982a-48d650a343d5,Lanny Thomas,Lanny,Thomas,Republican,Senate,53,Senator,active,404-657-7716,Lanny.Thomas@senate.ga.gov,https://www.legis.ga.gov/members/senate/5094,,
ocd-person/44a51125-9e82-41f6-8d4f-a646895b5994,Larry Walker,Larry,Walker,Republican,Senate,20,Senator,active,404-656-0095,larry.walker@senate.ga.gov,https://www.legis.ga.gov/members/senate/4878,Administrative Affairs; Agriculture and Consumer Affairs; Appropriations; Ethics; Insurance and Labor; Investigating Licensing Issues Special; Reapportionment and Redistricting; Regulated Industries and Utilities; Rules; Special Committee on Eliminating Georgia's Income Tax; Transportation,4878
ocd-person/7767ee85-7961-45ba-adc2-c3606b1c39b8,Lauren McDonald,Lauren,McDonald,Republican,House of Representatives,26,Representative,active,404-656-7855,lauren.mcdonald@house.ga.gov,https://www.legis.ga.gov/members/house/4992,"Appropriations; Game, Fish and Parks; Human Relations and Aging; Intragovernmental Coordination; Natural Resources and Environment; Public Safety and Homeland Security; Regulated Industries; Transportation",4992
ocd-person/e11cecf4-f2e5-49d9-ba9e-47681f779438,Lee Anderson,Lee,Anderson,Republican,Senate,24,Senator,active,404-656-5114,lee.anderson@senate.ga.gov,https://www.legis.ga.gov/members/senate/723,Agriculture and Consumer Affairs; Appropriations; Finance; Natural Resources and the Environment; Rules,723
ocd-person/69493144-3e3e-49a8-9e1f-f9a948fd0ff3,Lee Hawkins,Lee,Hawkins,Republican,House of Representatives,27,Representative,active,404-656-7855,lee.hawkins@house.ga.gov,https://www.legis.ga.gov/members/house/19,Appropriations; Banks and Banking; Health; Healthcare Special; Human Relations and Aging; Insurance; Public and Community Health; Regulated Industries; Rules,19
ocd-person/df874c28-6403-42c1-9cbb-0855508cda85,Leesa Hagan,Leesa,Hagan,Republican,House of Representatives,156,Representative,active,404-656-0177,leesa.hagan@house.ga.gov,https://www.legis.ga.gov/members/house/5010,Agriculture and Consumer Affairs; Appropriations; Industry and Labor; Natural Resources and Environment; Rural Development; Transportation,5010
ocd-person/6971bb34-9ea4-4bdc-971e-c1a2c5de344c,Lehman Franklin,Lehman,Franklin,Republican,House of Representatives,160,Representative,active,404-656-0178,lehman.franklin@house.ga.gov,https://www.legis.ga.gov/members/house/5053,Appropriations; Economic Development and Tourism; Interstate Cooperation; Retirement,5053
ocd-person/3a23acfd-5ce6-4e47-b641-1efdab05bdca,Lisa Campbell,Lisa,Campbell,Democratic,House of Representatives,35,Representative,active,404-656-0202,lisa.campbell@house.ga.gov,https://www.legis.ga.gov/members/house/5023,Budget and Fiscal Affairs Oversight; Human Relations and Aging; Interstate Cooperation,5023
ocd-person/7475f989-a4f9-4ac8-9188-26903a012d71,Long Tran,Long,Tran,Democratic,House of Representatives,80,Representative,active,404-656-7859,long.tran@house.ga.gov,https://www.legis.ga.gov/members/house/5034,Creative Arts and Entertainment; Natural Resources and Environment; Technology and Infrastructure Innovation,5034
ocd-person/ee575d7a-b5a1-419c-949d-4aa9290a67a1,Lydia Glaize,Lydia,Glaize,Democratic,House of Representatives,67,Representative,active,404-656-0116,lydia.glaize@house.ga.gov,https://www.legis.ga.gov/members/house/5031,Appropriations; Education; Higher Education,5031
ocd-person/945875f7-f3c5-4c75-acd6-a195a0f76b12,Lynn Smith,Lynn,Smith,Republican,House of Representatives,70,Representative,active,404-656-7149,lynn.smith@house.ga.gov,https://www.legis.ga.gov/members/house/212,Appropriations; Creative Arts and Entertainment; Economic Development and Tourism; Natural Resources and Environment; Reapportionment and Redistricting; Resource Management Special; Rules; Small Business Development,212
ocd-person/8e209d95-2333-4aa2-a628-1bdcec0674f5,Mack Jackson,Mack,Jackson,Democratic,House of Representatives,128,Representative,active,404-656-0314,mack.jackson@house.ga.gov,https://www.legis.ga.gov/members/house/738,Appropriations; Health; Public Safety and Homeland Security; Reapportionment and Redistricting; Rules; Rural Development; Transportation,738
ocd-person/5e12fb82-1f69-46df-9ac5-a09ce51dd95b,Mark Newton,Mark,Newton,Republican,House of Representatives,127,Representative,active,404-656-7855,mark.newton@house.ga.gov,https://www.legis.ga.gov/members/house/4902,Appropriations; Defense and Veterans Affairs; Health; Rules; Small Business Development; Transportation; Urban Affairs; Ways and Means,4902
ocd-person/6552dd8d-1020-4bbb-abfc-88975573ebd4,Martin Momtahan,Martin,Momtahan,Republican,House of Representatives,17,Representative,active,404-656-0178,martin.momtahan@house.ga.gov,https://www.legis.ga.gov/members/house/4935,Appropriations; Code Revision; Creative Arts and Entertainment; Governmental Affairs; Interstate Cooperation; Judiciary; Metropolitan Atlanta Rapid Transit Overview; Motor Vehicles; Special Rules,4935
ocd-person/078246e9-90b8-43aa-bb92-d7016f517b8e,Marty Harbin,Marty,Harbin,Republican,Senate,16,Senator,active,404-656-0078,marty.harbin@senate.ga.gov,https://www.legis.ga.gov/members/senate/850,Banking and Financial Institutions; Ethics; Finance; Government Oversight; Insurance and Labor; Retirement,850
ocd-person/9531d502-440c-48db-83c4-70dfbe9a9ea1,Marvin Lim,Marvin,Lim,Democratic,House of Representatives,98,Representative,active,404-656-0314,marvin.lim@house.ga.gov,https://www.legis.ga.gov/members/house/4999,Agriculture and Consumer Affairs; Appropriations; Health; Retirement,4999
ocd-person/7deae3f1-5548-4afe-9018-e8112945fd8d,Mary Ann Santos,Mary Ann,Santos,Democratic,House of Representatives,117,Representative,active,404-656-0202,maryann.santos@house.ga.gov,https://www.legis.ga.gov/members/house/5078,Code Revision; Judiciary Juvenile; State Properties,
ocd-person/4aec761f-5117-4f43-a487-9d77418f0bfa,Mary Frances Williams,Mary Frances,Williams,Democratic,House of Representatives,37,Representative,active,404-656-0287,maryfrances.williams@house.ga.gov,https://www.legis.ga.gov/members/house/4938,"Energy, Utilities and Telecommunications; Governmental Affairs; Natural Resources and Environment; Retirement",4938
ocd-person/e6ca1b23-0972-4df6-ab04-6186cf9da814,Mary Margaret Oliver,Mary Margaret,Oliver,Democratic,House of Representatives,84,Representative,active,404-656-0265,mary.oliver@house.ga.gov,https://www.legis.ga.gov/members/house/181,Appropriations; Governmental Affairs; Judiciary; Judiciary Juvenile; Metropolitan Atlanta Rapid Transit Overview; Public and Community Health; Technology and Infrastructure Innovation,181
ocd-person/9103b29e-964b-4637-9304-0e73216d7796,Matt Barton,Matt,Barton,Republican,House of Representatives,5,Representative,active,404-656-3947,matt.barton@house.ga.gov,https://www.legis.ga.gov/members/house/4966,"Appropriations; Energy, Utilities and Telecommunications; Health; Industry and Labor; Motor Vehicles; Small Business Development; Transportation; Ways and Means",4966
ocd-person/81b84318-8c9f-467f-a7c1-776d9c415f51,Matt Brass,Matt,Brass,Republican,Senate,6,Senator,active,404-656-0057,matt.brass@senate.ga.gov,https://www.legis.ga.gov/members/senate/4907,Administrative Affairs; Children and Families; Health and Human Services; Natural Resources and the Environment; Regulated Industries and Utilities; Rules,4907
ocd-person/99f0a2a7-8817-4756-a40e-575e259890e7,Matt Dubnik,Matt,Dubnik,Republican,House of Representatives,29,Representative,active,404-463-2246,matt.dubnik@house.ga.gov,https://www.legis.ga.gov/members/house/4886,"Agriculture and Consumer Affairs; Appropriations; Education; Game, Fish and Parks; Higher Education; Judiciary Juvenile; Regulated Industries",4886
ocd-person/c81779f3-65bf-4714-b295-79cac3b0da28,Matt Hatchett,Matt,Hatchett,Republican,House of Representatives,155,Representative,active,404-463-2247,matt.hatchett@house.ga.gov,https://www.legis.ga.gov/members/house/781,"Appropriations; Economic Development and Tourism; Energy, Utilities and Telecommunications; Health; Investigating Licensing Issues Special; Resource Management Special; Rules; Rural Development; Ways and Means",781
ocd-person/0f4f3c5a-1192-4ec1-9698-4aef005b4875,Matt Reeves,Matt,Reeves,Republican,House of Representatives,99,Representative,active,404-656-0152,matt.reeves@house.ga.gov,https://www.legis.ga.gov/members/house/5040,Appropriations; Insurance; Judiciary; Reapportionment and Redistricting,5040
ocd-person/909e9026-e549-494b-be99-e8562a389e0c,Matthew Gambill,Matthew,Gambill,Republican,House of Representatives,15,Representative,active,404-651-7737,matthew.gambill@house.ga.gov,https://www.legis.ga.gov/members/house/4934,Appropriations; Budget and Fiscal Affairs Oversight; Economic Development and Tourism; Higher Education; Human Relations and Aging; Insurance; Natural Resources and Environment,4934
ocd-person/918888ac-edc7-4178-9133-d058f0f21010,Max Burns,Max,Burns,Republican,Senate,23,Senator,active,404-463-1376,max.burns@senate.ga.gov,https://www.legis.ga.gov/members/senate/4979,Agriculture and Consumer Affairs; Appropriations; Children and Families; Economic Development and Tourism; Ethics; Higher Education; Transportation,4979
ocd-person/f0af2586-d535-4e44-bcaa-65239f9390b1,Mekyah McQueen,Mekyah,McQueen,Democratic,House of Representatives,61,Representative,active,404-656-0109,mekyah.mcqueen@house.ga.gov,https://www.legis.ga.gov/members/house/5070,Code Revision; Creative Arts and Entertainment; Special Rules,
ocd-person/68185f1d-fa54-4571-b305-fcd6c7dc024e,Michael Smith,Michael,Smith,Democratic,House of Representatives,41,Representative,active,404-656-0265,michael.smith@house.ga.gov,https://www.legis.ga.gov/members/house/832,Economic Development and Tourism; Interstate Cooperation; Regulated Industries; State Properties; Transportation,832
ocd-person/48b46caf-d38e-46ab-96ff-c268e23a7d76,Michelle Au,Michelle,Au,Democratic,House of Representatives,50,Representative,active,404-656-0314,michelle.au@house.ga.gov,https://www.legis.ga.gov/members/house/4983,Appropriations; Budget and Fiscal Affairs Oversight; Public and Community Health; Special Rules,4983
ocd-person/f4f9be12-5d7c-4fae-8b7b-9e9d19d2282f,Mike Cameron,Mike,Cameron,Republican,House of Representatives,1,Representative,active,404-656-0188,mike.cameron@house.ga.gov,https://www.legis.ga.gov/members/house/4986,Agriculture and Consumer Affairs; Appropriations; Human Relations and Aging; Industry and Labor; Interstate Cooperation; Rural Development,4986
ocd-person/1831cc73-e694-4cea-83a4-b55c3495f76a,Mike Cheokas,Mike,Cheokas,Republican,House of Representatives,151,Representative,active,404-463-7853,mike.cheokas@house.ga.gov,https://www.legis.ga.gov/members/house/81,Appropriations; Code Revision; Creative Arts and Entertainment; Education; Public and Community Health; Small Business Development; Special Rules,81
ocd-person/011995be-4dd0-43b2-ae75-57ae45f53576,Mike Hodges,Mike,Hodges,Republican,Senate,3,Senator,active,404-656-7127,mike.hodges@senate.ga.gov,https://www.legis.ga.gov/members/senate/5013,Banking and Financial Institutions; Economic Development and Tourism; Finance; Health and Human Services; Insurance and Labor; Reapportionment and Redistricting,5013
ocd-person/bad14891-c7bc-4ac4-b23a-fb5ae3878d67,Miriam Paris,Miriam,Paris,Democratic,House of Representatives,142,Representative,active,404-656-0109,miriam.paris@house.ga.gov,https://www.legis.ga.gov/members/house/794,"Appropriations; Economic Development and Tourism; Education; Energy, Utilities and Telecommunications; Urban Affairs",794
ocd-person/c4c6c741-0cb4-4179-b46d-9983421b8fdd,Mitchell Horner,Mitchell,Horner,Republican,House of Representatives,3,Representative,active,404-656-0325,mitchell.horner@house.ga.gov,https://www.legis.ga.gov/members/house/5018,Budget and Fiscal Affairs Oversight; Retirement; Small Business Development; Transportation,5018
ocd-person/7ac30a66-1649-4a8c-a72f-a4b9a7ab1534,Mitchell Scoggins,Mitchell,Scoggins,Republican,House of Representatives,14,Representative,active,404-656-0254,mitchell.scoggins@house.ga.gov,https://www.legis.ga.gov/members/house/4964,Budget and Fiscal Affairs Oversight; Code Revision; Higher Education; Judiciary; Reapportionment and Redistricting; Special Rules; Transportation,4964
ocd-person/bf2c1ec5-d995-4605-85ac-139adb037d99,Nan Orrock,Nan,Orrock,Democratic,Senate,36,Senator,active,404-463-8054,nan.orrock@senate.ga.gov,https://www.legis.ga.gov/members/senate/33,Appropriations; Ethics; Finance; Health and Human Services; Higher Education; Retirement; Special Committee on Eliminating Georgia's Income Tax,33
ocd-person/57ad1f65-9969-4be2-b262-684bf53123fb,Nikki Merritt,Nikki,Merritt,Democratic,Senate,9,Senator,active,404-463-1310,nikki.merritt@senate.ga.gov,https://www.legis.ga.gov/members/senate/4978,Government Oversight; Health and Human Services; Insurance and Labor; Natural Resources and the Environment; Urban Affairs,4978
ocd-person/55074030-4d64-4da0-b68a-5e3945d00f25,Nissa Jones,Nissa,Jones,Democratic,House of Representatives,143,Representative,active,404-656-0314,anissa.jones@house.ga.gov,https://www.legis.ga.gov/members/house/5081,Economic Development and Tourism; Interstate Cooperation; State Planning and Community Affairs,
ocd-person/3252da04-a17e-4298-b19d-9dd2fbf29ded,Noel Williams,Noel,Williams,Republican,House of Representatives,148,Representative,active,404-656-5146,noel.williams@house.ga.gov,https://www.legis.ga.gov/members/house/4960,"Appropriations; Banks and Banking; Game, Fish and Parks; Insurance; Natural Resources and Environment; Retirement; Small Business Development; Ways and Means",4960
ocd-person/fdf78e39-985f-48c3-8ed3-ccf15946871f,Noelle Kahaian,Noelle,Kahaian,Republican,House of Representatives,81,Representative,active,404-656-0177,noelle.kahaian@house.ga.gov,https://www.legis.ga.gov/members/house/5075,"Defense and Veterans Affairs; Energy, Utilities and Telecommunications; State Planning and Community Affairs",
ocd-person/dbb81f07-2181-48dd-b383-19870e08d4fd,Omari Crawford,Omari,Crawford,Democratic,House of Representatives,89,Representative,active,404-656-0314,omari.crawford@house.ga.gov,https://www.legis.ga.gov/members/house/5036,Insurance; Intragovernmental Coordination; Judiciary,5036
ocd-person/5c5ab5cb-54f6-4218-8d1d-a99d36bca436,Park Cannon,Park,Cannon,Democratic,House of Representatives,58,Representative,active,404-656-0287,park.cannon@house.ga.gov,https://www.legis.ga.gov/members/house/4880,Creative Arts and Entertainment; Ethics; Human Relations and Aging; Insurance; Public and Community Health; Urban Affairs,4880
ocd-person/af51c2db-8871-45a4-803d-314fa2b9d18d,Patty Marie Stinson,Patty Marie,Stinson,Democratic,House of Representatives,150,Representative,active,404-656-0213,patty.stinson@house.ga.gov,https://www.legis.ga.gov/members/house/811,Agriculture and Consumer Affairs; Appropriations; Health; Higher Education; Resource Management Special; Rural Development; State Planning and Community Affairs; Ways and Means,811
ocd-person/80928bd9-c963-4b21-954c-c62ee9373064,Phil Olaleye,Phil,Olaleye,Democratic,House of Representatives,59,Representative,active,404-656-0220,phil.olaleye@house.ga.gov,https://www.legis.ga.gov/members/house/5028,Education; Governmental Affairs; Information and Audits,5028
ocd-person/069fb4fa-766b-40e4-90b7-ce96b4fa2ace,RaShaun Kemp,RaShaun,Kemp,Democratic,Senate,38,Senator,active,404-656-0105,rashaun.kemp@senate.ga.gov,https://www.legis.ga.gov/members/senate/5066,Agriculture and Consumer Affairs; Education and Youth; Government Oversight; State Institutions and Property; Urban Affairs,
ocd-person/8798a822-fee8-4546-bcdd-455f788bef44,Randal Mangham,Randal,Mangham,Democratic,Senate,55,Senator,active,404-657-4640,randal.mangham@senate.ga.gov,https://www.legis.ga.gov/members/senate/161,Banking and Financial Institutions; Health and Human Services; Interstate Cooperation; Metropolitan Atlanta Rapid Transit Overview; Retirement; State and Local Governmental Operations,
ocd-person/6da7fe11-4436-4854-8e1b-4c45dc4cdaac,Randy Robertson,Randy,Robertson,Republican,Senate,29,Senator,active,404-656-0045,randy.robertson@senate.ga.gov,https://www.legis.ga.gov/members/senate/4926,Appropriations; Ethics; Government Oversight; Health and Human Services; Insurance and Labor; Public Safety; Reapportionment and Redistricting; Rules; State and Local Governmental Operations,4926
ocd-person/21651856-bba6-49fd-b3f8-8ed1b723e804,Regina Lewis-Ward,Regina,Lewis-Ward,Democratic,House of Representatives,115,Representative,active,404-656-0287,regina.lewis-ward@house.ga.gov,https://www.legis.ga.gov/members/house/5001,"Agriculture and Consumer Affairs; Banks and Banking; Energy, Utilities and Telecommunications; Interstate Cooperation",5001
ocd-person/08ee45fd-d3f4-4129-9e7c-27cf52533ed2,Rey Martinez,Rey,Martinez,Republican,House of Representatives,111,Representative,active,404-656-0254,reynaldo.martinez@house.ga.gov,https://www.legis.ga.gov/members/house/5045,Agriculture and Consumer Affairs; Defense and Veterans Affairs; Intragovernmental Coordination; Small Business Development,5045
ocd-person/e04bd985-5b75-4551-84a1-f9797ac495d2,Rhonda Burnough,Rhonda,Burnough,Democratic,House of Representatives,77,Representative,active,404-656-0116,rhonda.burnough@house.ga.gov,https://www.legis.ga.gov/members/house/4895,Economic Development and Tourism; Governmental Affairs; Higher Education; Small Business Development,4895
ocd-person/bc40f904-9c20-41d0-80d5-e5645d3e6935,Rhonda Taylor,Rhonda,Taylor,Democratic,House of Representatives,92,Representative,active,404-656-0265,rhonda.taylor@house.ga.gov,https://www.legis.ga.gov/members/house/4998,Agriculture and Consumer Affairs; Judiciary Juvenile; Motor Vehicles; Special Rules,4998
ocd-person/4d1f5379-01e9-4f58-9868-42acc07ec7a8,Rick Jasperse,Rick,Jasperse,Republican,House of Representatives,11,Representative,active,404-656-7153,rick.jasperse@house.ga.gov,https://www.legis.ga.gov/members/house/755,Agriculture and Consumer Affairs; Appropriations; Education; Health; Public Safety and Homeland Security; Regulated Industries; Rules; Transportation,755
ocd-person/1da20ad9-1a05-42ab-addb-7fbf295a0e5d,Rick Townsend,Rick,Townsend,Republican,House of Representatives,179,Representative,active,404-656-0178,rick.townsend@house.ga.gov,https://www.legis.ga.gov/members/house/5055,Economic Development and Tourism; Education; Judiciary Juvenile; Natural Resources and Environment,5055
ocd-person/c7860bae-9d9c-449c-9903-20230eec50ac,Rick Williams,Rick,Williams,Republican,Senate,25,Senator,active,404-656-0082,rick.williams@senate.ga.gov,https://www.legis.ga.gov/members/senate/4905,Ethics; Higher Education; Public Safety; Regulated Industries and Utilities; Retirement; Rules; State and Local Governmental Operations,4905
ocd-person/84eb7371-a332-4534-b3b3-542500c798f8,Rob Clifton,Rob,Clifton,Republican,House of Representatives,131,Representative,active,404-657-1803,rob.clifton@house.ga.gov,https://www.legis.ga.gov/members/house/5080,Budget and Fiscal Affairs Oversight; Economic Development and Tourism; Interstate Cooperation; Transportation,
ocd-person/29210f3f-ec97-47c8-9492-b81154275109,Rob Leverett,Rob,Leverett,Republican,House of Representatives,123,Representative,active,404-656-5132,rob.leverett@house.ga.gov,https://www.legis.ga.gov/members/house/4993,Agriculture and Consumer Affairs; Governmental Affairs; Judiciary; Judiciary: Non-Civil; Reapportionment and Redistricting; Rules,4993
ocd-person/5d77204f-89e7-43df-bccb-a08b9956132d,Robert Dawson,Robert,Dawson,Democratic,House of Representatives,65,Representative,active,404-656-6372,robert.dawson@house.ga.gov,https://www.legis.ga.gov/members/house/5072,"Agriculture and Consumer Affairs; Energy, Utilities and Telecommunications; Information and Audits; Intragovernmental Coordination",
ocd-person/f863b50d-c865-463a-830a-e5648837d9f7,Robert Dickey,Robert,Dickey,Republican,House of Representatives,134,Representative,active,404-656-5099,robert.dickey@house.ga.gov,https://www.legis.ga.gov/members/house/791,"Agriculture and Consumer Affairs; Appropriations; Banks and Banking; Energy, Utilities and Telecommunications; Higher Education; Natural Resources and Environment; Resource Management Special; Ways and Means",791
ocd-person/32c3fbdd-4034-47d0-b7ab-0411bd200737,Robert Flournoy,Robert,Flournoy,Democratic,House of Representatives,74,Representative,active,404-656-7859,robert.flournoy@house.ga.gov,https://www.legis.ga.gov/members/house/5074,"Energy, Utilities and Telecommunications; State Planning and Community Affairs; State Properties",
ocd-person/aeaeb854-ff9c-47cb-8069-395b60ba05b2,Ron Stephens,Ron,Stephens,Republican,House of Representatives,164,Representative,active,404-656-5115,ron.stephens@house.ga.gov,https://www.legis.ga.gov/members/house/219,Appropriations; Creative Arts and Entertainment; Economic Development and Tourism; Resource Management Special; Rules; Urban Affairs; Ways and Means,219
ocd-person/b90b899d-87f0-43a5-9d15-6e310187ac41,Russ Goodman,Russ,Goodman,Republican,Senate,8,Senator,active,404-463-1318,russ.goodman@senate.ga.gov,https://www.legis.ga.gov/members/senate/4977,Agriculture and Consumer Affairs; Appropriations; Health and Human Services; Natural Resources and the Environment; Public Safety; Retirement,4977
ocd-person/d291834f-70cd-48b5-b7db-b05d23d74a4c,Ruwa Romman,Ruwa,Romman,Democratic,House of Representatives,97,Representative,active,404-656-0220,ruwa.romman@house.ga.gov,https://www.legis.ga.gov/members/house/5039,"Energy, Utilities and Telecommunications; Information and Audits; Interstate Cooperation",5039
ocd-person/2a66b922-b812-4c45-9786-478187cd5e33,Saira Draper,Saira,Draper,Democratic,House of Representatives,90,Representative,active,404-656-0265,saira.draper@house.ga.gov,https://www.legis.ga.gov/members/house/5038,Budget and Fiscal Affairs Oversight; Judiciary Juvenile; Regulated Industries; Urban Affairs,5038
ocd-person/218a4fc4-a568-4b78-b350-0d60c6b12d4c,Sally Harrell,Sally,Harrell,Democratic,Senate,40,Senator,active,404-656-7871,sally.harrell@senate.ga.gov,https://www.legis.ga.gov/members/senate/311,Children and Families; Health and Human Services; Higher Education; State Institutions and Property,311
ocd-person/2ba0916f-40b1-4255-9496-94b12ccabd1e,Sam Park,Sam,Park,Democratic,House of Representatives,107,Representative,active,404-656-5059,samuel.park@house.ga.gov,https://www.legis.ga.gov/members/house/4901,Appropriations; Ethics; Higher Education; Industry and Labor; Intragovernmental Coordination; Rules; Technology and Infrastructure Innovation,4901
ocd-person/cbcdfca3-e47d-4b32-9164-ec0709a134bf,Sam Watson,Sam,Watson,Republican,Senate,11,Senator,active,404-656-0065,sam.watson@senate.ga.gov,https://www.legis.ga.gov/members/senate/837,Agriculture and Consumer Affairs; Appropriations; Economic Development and Tourism; Ethics; Natural Resources and the Environment; Special Committee on Eliminating Georgia's Income Tax; State and Local Governmental Operations,837
ocd-person/21c6cae1-bcd2-4403-ad39-af04b64ce55c,Sandra Scott,Sandra,Scott,Democratic,House of Representatives,76,Representative,active,404-656-0314,sandra.scott@house.ga.gov,https://www.legis.ga.gov/members/house/766,Banks and Banking; Defense and Veterans Affairs; Human Relations and Aging; Insurance; Reapportionment and Redistricting,766
ocd-person/4ab15127-5b7a-40bc-8807-26e8e8a73397,Sandy Donatucci,Sandy,Donatucci,Republican,House of Representatives,105,Representative,active,404-656-0177,sandy.donatucci@house.ga.gov,https://www.legis.ga.gov/members/house/5077,Education; Interstate Cooperation; Transportation,
ocd-person/91abe321-5ea4-4f17-b8d8-573d7cb913e6,Scott Hilton,Scott,Hilton,Republican,House of Representatives,48,Representative,active,404-656-0188,scott.hilton@house.ga.gov,https://www.legis.ga.gov/members/house/4899,Creative Arts and Entertainment; Education; Information and Audits; Metropolitan Atlanta Rapid Transit Overview; Public and Community Health; State Properties; Ways and Means,4899
ocd-person/99ef9b20-6b1f-4831-8e58-a523de606cda,Scott Holcomb,Scott,Holcomb,Democratic,House of Representatives,101,Representative,active,404-656-6372,scott.holcomb@house.ga.gov,https://www.legis.ga.gov/members/house/769,Appropriations; Defense and Veterans Affairs; Higher Education; Judiciary; Public Safety and Homeland Security; Rules; Technology and Infrastructure Innovation; Ways and Means,769
ocd-person/702658f4-8382-479a-9416-79928239d5e7,Segun Adeyina,Segun,Adeyina,Democratic,House of Representatives,110,Representative,active,404-656-6372,segun.adeyina@house.ga.gov,https://www.legis.ga.gov/members/house/5044,Creative Arts and Entertainment; Education; Technology and Infrastructure Innovation,5044
ocd-person/15db25fc-273b-467f-b8f9-897337f40b65,Sharon Cooper,Sharon,Cooper,Republican,House of Representatives,45,Representative,active,404-656-5069,sharon.cooper@house.ga.gov,https://www.legis.ga.gov/members/house/86,Health; Healthcare Special; Human Relations and Aging; Intragovernmental Coordination; Judiciary: Non-Civil; Public and Community Health; Regulated Industries; Rules,86
ocd-person/e51d36a7-9684-4540-aae7-a5e60e434681,Sharon Henderson,Sharon,Henderson,Democratic,House of Representatives,113,Representative,Suspended,404-656-7859,sharon.henderson@house.ga.gov,https://www.legis.ga.gov/members/house/5003,,5003
ocd-person/ee145624-3295-4db4-b3ce-9d1583e4ef6e,Shaw Blackmon,Shaw,Blackmon,Republican,House of Representatives,146,Representative,active,404-656-5103,shaw.blackmon@house.ga.gov,https://www.legis.ga.gov/members/house/1878,Appropriations; Governmental Affairs; Insurance; Metropolitan Atlanta Rapid Transit Overview; Resource Management Special; Rules; Rural Development; Technology and Infrastructure Innovation; Ways and Means,1878
ocd-person/314d7845-ba55-4bd4-809a-c7c7aea26690,Shawn Still,Shawn,Still,Republican,Senate,48,Senator,active,404-656-7127,shawn.still@senate.ga.gov,https://www.legis.ga.gov/members/senate/5016,"Administrative Affairs; Education and Youth; Finance; Insurance and Labor; Judiciary; Reapportionment and Redistricting; Rules; Transportation; Veterans, Military and Homeland Security",5016
ocd-person/9007dcd9-3246-4cf3-9185-7478b3a9ad7a,Shea Roberts,Shea,Roberts,Democratic,House of Representatives,52,Representative,active,404-656-0298,shea.roberts@house.ga.gov,https://www.legis.ga.gov/members/house/4994,Creative Arts and Entertainment; Governmental Affairs; Judiciary: Non-Civil; State Planning and Community Affairs,4994
ocd-person/5b6e0e37-802b-4103-b401-551532aba2e7,Sheikh Rahman,Sheikh,Rahman,Democratic,Senate,5,Senator,active,404-656-7871,sheikh.rahman@senate.ga.gov,https://www.legis.ga.gov/members/senate/4924,Appropriations; Economic Development and Tourism; Government Oversight; Natural Resources and the Environment; Urban Affairs,4924
ocd-person/b278b399-5ca3-4cd7-bc19-4053166577a2,Sheila Jones,Sheila,Jones,Democratic,House of Representatives,60,Representative,active,404-656-0308,sheila.jones@house.ga.gov,https://www.legis.ga.gov/members/house/143,Appropriations; Health; Judiciary Juvenile; Transportation; Ways and Means,143
ocd-person/059c0e54-cc7b-4605-aee6-58388026a2fb,Sheila Nelson,Sheila,Nelson,Democratic,House of Representatives,130,Representative,active,404-656-0126,sheila.nelson@house.ga.gov,https://www.legis.ga.gov/members/house/4903,,4903
ocd-person/5474fbe2-6cdb-4ad2-9831-cdffaca442af,Solomon Adesanya,Solomon,Adesanya,Democratic,House of Representatives,43,Representative,active,404-656-0220,solomon.adesanya@house.ga.gov,https://www.legis.ga.gov/members/house/5025,Economic Development and Tourism; Governmental Affairs; Small Business Development,5025
ocd-person/2abbbe23-8cb6-4f33-afaf-38ce88a4e10c,Sonya Halpern,Sonya,Halpern,Democratic,Senate,39,Senator,active,404-656-9644,sonya.halpern@senate.ga.gov,https://www.legis.ga.gov/members/senate/4985,Appropriations; Education and Youth; Finance; Health and Human Services; Metropolitan Atlanta Rapid Transit Overview; Public Safety; Urban Affairs,4985
ocd-person/64721c9b-451c-4bc9-9040-4ca232ffd746,Soo Hong,Soo,Hong,Republican,House of Representatives,103,Representative,active,404-656-5025,soo.hong@house.ga.gov,https://www.legis.ga.gov/members/house/5042,Judiciary; Judiciary: Non-Civil; Reapportionment and Redistricting; Ways and Means,5042
ocd-person/e6ae8d30-4b1b-4b06-8918-2be6fa7f8108,Spencer Frye,Spencer,Frye,Democratic,House of Representatives,122,Representative,active,404-656-0265,spencer.frye@house.ga.gov,https://www.legis.ga.gov/members/house/819,"Appropriations; Creative Arts and Entertainment; Game, Fish and Parks; Human Relations and Aging; Public and Community Health; Transportation; Ways and Means",819
ocd-person/fa5d8d09-a0b9-4ba4-93da-a24902530416,Stacey Evans,Stacey,Evans,Democratic,House of Representatives,57,Representative,active,404-656-0116,stacey.evans@house.ga.gov,https://www.legis.ga.gov/members/house/762,Appropriations; Judiciary; Retirement; Rules; Technology and Infrastructure Innovation,762
ocd-person/432ef767-d4c8-4736-b2ac-96397205fb3d,Stan Gunter,Stan,Gunter,Republican,House of Representatives,8,Representative,active,404-656-5125,stan.gunter@house.ga.gov,https://www.legis.ga.gov/members/house/4987,Agriculture and Consumer Affairs; Appropriations; Economic Development and Tourism; Ethics; Health; Judiciary; Judiciary: Non-Civil; Rules,4987
ocd-person/e2c141e9-9e04-4e2b-8e5b-57db594c7abc,Steve Gooch,Steve,Gooch,Republican,Senate,51,Senator,active,404-656-9221,steve.gooch@senate.ga.gov,https://www.legis.ga.gov/members/senate/752,Appropriations; Finance; Insurance and Labor; Investigating Licensing Issues Special; Investigations Special; Judiciary; Metropolitan Atlanta Rapid Transit Overview; Reapportionment and Redistricting; Regulated Industries and Utilities; Rules; Special Committee on Eliminating Georgia's Income Tax; Transportation,752
ocd-person/80f4bbdf-02f3-4233-8456-e550e7e745af,Steve Tarvin,Steve,Tarvin,Republican,House of Representatives,2,Representative,active,404-463-3793,steve.tarvin@house.ga.gov,https://www.legis.ga.gov/members/house/849,"Appropriations; Budget and Fiscal Affairs Oversight; Defense and Veterans Affairs; Game, Fish and Parks; Insurance; Retirement; Small Business Development",849
ocd-person/516cb969-9467-490f-9a05-02c3e7decae3,Steven McNeel,Steven,McNeel,Republican,Senate,18,Senator,active,404-463-2593,steven.mcneel@senate.ga.gov,https://www.legis.ga.gov/members/senate/5093,Banking and Financial Institutions; Education and Youth; Judiciary; Natural Resources and the Environment; State and Local Governmental Operations; Transportation,
ocd-person/3194a8e0-aaf8-4686-b2c9-a22521f85fff,Steven Meeks,Steven,Meeks,Republican,House of Representatives,178,Representative,active,404-463-2246,steven.meeks@house.ga.gov,https://www.legis.ga.gov/members/house/4961,"Agriculture and Consumer Affairs; Appropriations; Budget and Fiscal Affairs Oversight; Creative Arts and Entertainment; Energy, Utilities and Telecommunications; Game, Fish and Parks; Small Business Development",4961
ocd-person/99082062-acd6-4c6b-bb45-2cfa071f19fc,Steven Sainz,Steven,Sainz,Republican,House of Representatives,180,Representative,active,404-657-1803,steven.sainz@house.ga.gov,https://www.legis.ga.gov/members/house/4962,Appropriations; Defense and Veterans Affairs; Economic Development and Tourism; Governmental Affairs; Interstate Cooperation; Public Safety and Homeland Security; State Properties,4962
ocd-person/cabc1e6f-ba7c-4063-a778-707579f91ec8,Sylvia Wayfer,Sylvia,Wayfer,Democratic,House of Representatives,64,Representative,active,404-656-6372,sylvia.baker@house.ga.gov,https://www.legis.ga.gov/members/house/5071,Code Revision; Defense and Veterans Affairs; Special Rules,
ocd-person/c5766526-3a5a-4d33-b5ff-a0d1d358d7ae,Tangie Herring,Tangie,Herring,Democratic,House of Representatives,145,Representative,active,404-656-0202,tangie.herring@house.ga.gov,https://www.legis.ga.gov/members/house/5082,Agriculture and Consumer Affairs; Code Revision; Economic Development and Tourism; Urban Affairs,
ocd-person/6e5432a3-09ed-4813-b11d-e97222bb7e4d,Tanya Miller,Tanya,Miller,Democratic,House of Representatives,62,Representative,active,404-656-0298,tanya.miller@house.ga.gov,https://www.legis.ga.gov/members/house/5029,Code Revision; Ethics; Information and Audits; Rules,5029
ocd-person/9fe70ed7-31a0-4732-92b1-54d2a79a4654,Teddy Reese,Teddy,Reese,Democratic,House of Representatives,140,Representative,active,404-656-0109,tremaine.reese@house.ga.gov,https://www.legis.ga.gov/members/house/5050,Agriculture and Consumer Affairs; Economic Development and Tourism; Public and Community Health; Resource Management Special,5050
ocd-person/aa7405f9-5c37-4ce8-a7eb-ac5949a6e776,Terry Cummings,Terry,Cummings,Democratic,House of Representatives,39,Representative,active,404-656-0202,terry.cummings@house.ga.gov,https://www.legis.ga.gov/members/house/5024,Banks and Banking; Public Safety and Homeland Security; State Properties,5024
ocd-person/93f45299-bfa2-4458-844a-5c6b9bdd8c1d,Tim Bearden,Tim,Bearden,Republican,Senate,30,Senator,active,404-656-7872,timothy.bearden@senate.ga.gov,https://www.legis.ga.gov/members/senate/62,Economic Development and Tourism; Education and Youth; Government Oversight; Judiciary; Public Safety,
ocd-person/cf955c60-cbda-4414-9266-3d8dca3553fe,Tim Fleming,Tim,Fleming,Republican,House of Representatives,114,Representative,active,404-656-0188,tim.fleming@house.ga.gov,https://www.legis.ga.gov/members/house/5046,Governmental Affairs; Higher Education; Information and Audits,5046
ocd-person/45567c87-3ba6-49ec-9ea2-5ebb880aa94c,Todd Jones,Todd,Jones,Republican,House of Representatives,25,Representative,active,404-656-9210,todd.jones@house.ga.gov,https://www.legis.ga.gov/members/house/4885,"Appropriations; Education; Energy, Utilities and Telecommunications; Health; Judiciary; Resource Management Special; Technology and Infrastructure Innovation; Ways and Means",4885
ocd-person/d9f1ea57-7b90-484a-9664-927a36c87e0c,Tonya Anderson,Tonya,Anderson,Democratic,Senate,43,Senator,active,404-463-2598,tonya.anderson@senate.ga.gov,https://www.legis.ga.gov/members/senate/807,"Appropriations; Economic Development and Tourism; Metropolitan Atlanta Rapid Transit Overview; Reapportionment and Redistricting; Regulated Industries and Utilities; Veterans, Military and Homeland Security",807
ocd-person/6ac8933e-8dde-4902-8eec-61cc5a91c844,Trey Kelley,Trey,Kelley,Republican,House of Representatives,16,Representative,active,404-656-0188,trey.kelley@house.ga.gov,https://www.legis.ga.gov/members/house/825,"Appropriations; Code Revision; Energy, Utilities and Telecommunications; Health; Higher Education; Judiciary; Rules; Ways and Means",825
ocd-person/9dfc8ec3-0935-4d1d-877d-e05cf7a5dca5,Trey Rhodes,Trey,Rhodes,Republican,House of Representatives,124,Representative,active,404-656-5099,trey.rhodes@house.ga.gov,https://www.legis.ga.gov/members/house/876,"Banks and Banking; Economic Development and Tourism; Game, Fish and Parks; Special Rules; State Planning and Community Affairs; Ways and Means",876
ocd-person/4b162447-89a7-4ffc-acbf-617e1ad87e2a,Tyler Smith,Tyler,Smith,Republican,House of Representatives,18,Representative,active,404-463-7853,tyler.smith@house.ga.gov,https://www.legis.ga.gov/members/house/4990,Agriculture and Consumer Affairs; Insurance; Judiciary; Judiciary Juvenile; Judiciary: Non-Civil; Small Business Development,4990
ocd-person/9deeb60b-4d1e-42b8-8052-d2808a30ea9a,Vance Smith,Vance,Smith,Republican,House of Representatives,138,Representative,active,404-656-0254,vance.smith@house.ga.gov,https://www.legis.ga.gov/members/house/215,Appropriations; Budget and Fiscal Affairs Oversight; Economic Development and Tourism; Motor Vehicles; Natural Resources and Environment; Transportation; Ways and Means,215
ocd-person/b9050158-4a6d-4332-8ad2-769472f52e3e,Venola Mason,Venola,Mason,Democratic,House of Representatives,94,Representative,active,404-656-0126,venola.mason@house.ga.gov,https://www.legis.ga.gov/members/house/5095,,
ocd-person/546d682f-b256-4060-8fd3-084d7f118d43,Victor Anderson,Victor,Anderson,Republican,House of Representatives,10,Representative,active,404-656-0325,victor.anderson@house.ga.gov,https://www.legis.ga.gov/members/house/4989,"Appropriations; Energy, Utilities and Telecommunications; Governmental Affairs; Industry and Labor; Intragovernmental Coordination; Public Safety and Homeland Security; Resource Management Special",4989
ocd-person/e3b1be9c-b244-4466-9192-adc365a31cfb,Viola Davis,Viola,Davis,Democratic,House of Representatives,87,Representative,active,404-656-0109,viola.davis@house.ga.gov,https://www.legis.ga.gov/members/house/4947,Defense and Veterans Affairs; Health; Insurance; Natural Resources and Environment; Urban Affairs,4947
ocd-person/97a002db-6151-4fdf-9bce-013a6344764f,Will Wade,Will,Wade,Republican,House of Representatives,9,Representative,active,404-651-7737,will.wade@house.ga.gov,https://www.legis.ga.gov/members/house/4988,Appropriations; Banks and Banking; Education; Judiciary Juvenile; State Planning and Community Affairs; Transportation,4988
ocd-person/6f986b42-14f6-4147-9466-c49294331db9,Yasmin Neal,Yasmin,Neal,Democratic,House of Representatives,79,Representative,active,404-656-6372,yasmin.neal@house.ga.gov,https://www.legis.ga.gov/members/house/765,Economic Development and Tourism; Judiciary: Non-Civil; Public Safety and Homeland Security; Ways and Means,765
ga-senate-7-vacant,Vacant,,,,Senate,7,Senator,Vacant,,,,,
ga-senate-12-vacant,Vacant,,,,Senate,12,Senator,Vacant,,,,,
ga-house-177-vacant,Vacant,,,,House of Representatives,177,Representative,Vacant,,,,,
