name,party,chamber,district,partyUnity,independenceRate,votedWithParty,partyLineVotes,participationRate,missedRate,cast,missed,totalRollCalls,presidingOfficer,id
Mike Cameron,Republican,House of Representatives,1,0.9939,0.0061,325,327,0.9951,0.0049,1211,6,1217,false,ocd-person/f4f9be12-5d7c-4fae-8b7b-9e9d19d2282f
Steve Tarvin,Republican,House of Representatives,2,0.9939,0.0061,324,326,0.986,0.014,1200,17,1217,false,ocd-person/80f4bbdf-02f3-4233-8456-e550e7e745af
Mitchell Horner,Republican,House of Representatives,3,0.9783,0.0217,316,323,0.9589,0.0411,1167,50,1217,false,ocd-person/c4c6c741-0cb4-4179-b46d-9983421b8fdd
Kasey Carpenter,Republican,House of Representatives,4,0.9969,0.0031,317,318,0.9532,0.0468,1160,57,1217,false,ocd-person/97a40ea4-674f-4b84-8fd3-8bc2f3b4a35d
Matt Barton,Republican,House of Representatives,5,0.9969,0.0031,326,327,0.9975,0.0025,1214,3,1217,false,ocd-person/9103b29e-964b-4637-9304-0e73216d7796
Jason Ridley,Republican,House of Representatives,6,0.9908,0.0092,322,325,0.9392,0.0608,1143,74,1217,false,ocd-person/594aa971-500b-42a4-9d7a-1ceb4c029220
Johnny Chastain,Republican,House of Representatives,7,0.9969,0.0031,326,327,0.9934,0.0066,1209,8,1217,false,ocd-person/8106e2d8-e1e3-42a8-b550-fbd2627fa474
Stan Gunter,Republican,House of Representatives,8,1.0,0.0,327,327,0.963,0.037,1172,45,1217,false,ocd-person/432ef767-d4c8-4736-b2ac-96397205fb3d
Will Wade,Republican,House of Representatives,9,0.9961,0.0039,257,258,0.9121,0.0879,1110,107,1217,false,ocd-person/97a002db-6151-4fdf-9bce-013a6344764f
Victor Anderson,Republican,House of Representatives,10,0.9938,0.0062,323,325,0.9942,0.0058,1210,7,1217,false,ocd-person/546d682f-b256-4060-8fd3-084d7f118d43
Rick Jasperse,Republican,House of Representatives,11,0.9908,0.0092,323,326,0.9573,0.0427,1165,52,1217,false,ocd-person/4d1f5379-01e9-4f58-9868-42acc07ec7a8
Eddie Lumsden,Republican,House of Representatives,12,0.9969,0.0031,326,327,0.9992,0.0008,1216,1,1217,false,ocd-person/f33d979c-554c-433e-ad0f-837eef1da589
Katie Dempsey,Republican,House of Representatives,13,0.9969,0.0031,326,327,0.9696,0.0304,1180,37,1217,false,ocd-person/bf68b3dc-ca81-49f9-8e33-fe27317183d3
Mitchell Scoggins,Republican,House of Representatives,14,0.9969,0.0031,325,326,0.977,0.023,1189,28,1217,false,ocd-person/7ac30a66-1649-4a8c-a72f-a4b9a7ab1534
Matthew Gambill,Republican,House of Representatives,15,0.9939,0.0061,324,326,0.9827,0.0173,1196,21,1217,false,ocd-person/909e9026-e549-494b-be99-e8562a389e0c
Trey Kelley,Republican,House of Representatives,16,0.9908,0.0092,324,327,0.9836,0.0164,1197,20,1217,false,ocd-person/6ac8933e-8dde-4902-8eec-61cc5a91c844
Martin Momtahan,Republican,House of Representatives,17,0.9938,0.0062,318,320,0.9638,0.0362,1173,44,1217,false,ocd-person/6552dd8d-1020-4bbb-abfc-88975573ebd4
Tyler Smith,Republican,House of Representatives,18,0.9847,0.0153,321,326,0.9795,0.0205,1192,25,1217,false,ocd-person/4b162447-89a7-4ffc-acbf-617e1ad87e2a
Joseph Gullett,Republican,House of Representatives,19,0.9938,0.0062,322,324,0.9885,0.0115,1203,14,1217,false,ocd-person/f36d2507-b19a-4ee5-b4f9-5c06df761edf
Charlice Byrd,Republican,House of Representatives,20,0.929,0.071,301,324,0.9408,0.0592,1145,72,1217,false,ocd-person/0d75f0d9-0242-4f72-b4f3-1cd085eb26b6
Brad Thomas,Republican,House of Representatives,21,0.9969,0.0031,323,324,0.9762,0.0238,1188,29,1217,false,ocd-person/933a841a-19d6-42c2-a046-991ff9903a23
Jordan Ridley,Republican,House of Representatives,22,0.9785,0.0215,318,325,0.9811,0.0189,1194,23,1217,false,ocd-person/56f28f8a-9296-4e69-9bd4-d0101a42b359
Bill Fincher,Republican,House of Representatives,23,0.9896,0.0104,285,288,0.9915,0.0085,697,6,703,false,ocd-person/f2444048-8c14-45b2-b700-37f7899fa5bb
Carter Barrett,Republican,House of Representatives,24,0.9908,0.0092,322,325,0.9786,0.0214,1191,26,1217,false,ocd-person/72370a62-92f4-46f1-ab7b-193a643085b8
Todd Jones,Republican,House of Representatives,25,0.9969,0.0031,325,326,0.8965,0.1035,1091,126,1217,false,ocd-person/45567c87-3ba6-49ec-9ea2-5ebb880aa94c
Lauren McDonald,Republican,House of Representatives,26,1.0,0.0,327,327,0.9951,0.0049,1211,6,1217,false,ocd-person/7767ee85-7961-45ba-adc2-c3606b1c39b8
Lee Hawkins,Republican,House of Representatives,27,0.9969,0.0031,326,327,1.0,0.0,1217,0,1217,false,ocd-person/69493144-3e3e-49a8-9e1f-f9a948fd0ff3
Brent Cox,Republican,House of Representatives,28,0.9908,0.0092,324,327,0.986,0.014,1200,17,1217,false,ocd-person/c0b205e2-1542-4802-896d-fa7b2b6fc4d9
Matt Dubnik,Republican,House of Representatives,29,0.9725,0.0275,318,327,0.9934,0.0066,1209,8,1217,false,ocd-person/99f0a2a7-8817-4756-a40e-575e259890e7
Derrick McCollum,Republican,House of Representatives,30,0.9939,0.0061,325,327,0.9745,0.0255,1186,31,1217,false,ocd-person/3a323603-753e-4380-993c-9bb2a7fc55f3
Emory Dunahoo,Republican,House of Representatives,31,0.966,0.034,313,324,0.931,0.069,1133,84,1217,false,ocd-person/3b2b9f31-6859-4582-8d82-581597c0c178
Chris Erwin,Republican,House of Representatives,32,0.9969,0.0031,326,327,0.9975,0.0025,1214,3,1217,false,ocd-person/d79c3e9b-b73d-416b-9bfd-8a0338d8256c
Alan Powell,Republican,House of Representatives,33,0.9908,0.0092,324,327,0.991,0.009,1206,11,1217,false,ocd-person/bb48e87c-29db-4a4d-a278-fa299be2020e
Devan Seabaugh,Republican,House of Representatives,34,0.9939,0.0061,325,327,0.9959,0.0041,1212,5,1217,false,ocd-person/8f76af22-98dc-4e1e-ba99-75b87c1129d6
Lisa Campbell,Democratic,House of Representatives,35,0.9969,0.0031,326,327,0.968,0.032,1178,39,1217,false,ocd-person/3a23acfd-5ce6-4e47-b641-1efdab05bdca
Ginny Ehrhart,Republican,House of Representatives,36,0.9969,0.0031,326,327,0.9474,0.0526,1153,64,1217,false,ocd-person/be05ace3-ea73-4f3f-85ae-c5ed313d4cbe
Mary Frances Williams,Democratic,House of Representatives,37,0.984,0.016,308,313,0.8299,0.1701,1010,207,1217,false,ocd-person/4aec761f-5117-4f43-a487-9d77418f0bfa
David Wilkerson,Democratic,House of Representatives,38,0.9657,0.0343,310,321,0.9154,0.0846,1114,103,1217,false,ocd-person/83a7bbf2-d69c-4813-bbeb-52820e6b9af4
Terry Cummings,Democratic,House of Representatives,39,0.9687,0.0313,309,319,0.9203,0.0797,1120,97,1217,false,ocd-person/aa7405f9-5c37-4ce8-a7eb-ac5949a6e776
Kimberly New,Republican,House of Representatives,40,0.9969,0.0031,326,327,0.9836,0.0164,1197,20,1217,false,ocd-person/fc1a5e1f-6ce4-47ab-987b-095afa166359
Michael Smith,Democratic,House of Representatives,41,0.9554,0.0446,300,314,0.8439,0.1561,1027,190,1217,false,ocd-person/68185f1d-fa54-4571-b305-fcd6c7dc024e
Gabriel Sanchez,Democratic,House of Representatives,42,0.9939,0.0061,324,326,0.9351,0.0649,1138,79,1217,false,ocd-person/bd990496-ea34-4b79-8d6f-68cfed424c15
Solomon Adesanya,Democratic,House of Representatives,43,0.9782,0.0218,314,321,0.931,0.069,1133,84,1217,false,ocd-person/5474fbe2-6cdb-4ad2-9831-cdffaca442af
Don Parsons,Republican,House of Representatives,44,0.9938,0.0062,318,320,0.9827,0.0173,1196,21,1217,false,ocd-person/81dde544-49e9-4fb0-9313-32eacaf6194b
Sharon Cooper,Republican,House of Representatives,45,0.9969,0.0031,320,321,0.9458,0.0542,1151,66,1217,false,ocd-person/15db25fc-273b-467f-b8f9-897337f40b65
John Carson,Republican,House of Representatives,46,0.9939,0.0061,324,326,0.8718,0.1282,1061,156,1217,false,ocd-person/713cac52-0a57-4baa-8273-6eeca5b491df
Jan Jones,Republican,House of Representatives,47,0.9969,0.0031,321,322,0.9351,0.0649,1138,79,1217,false,ocd-person/85740034-23b0-4001-9190-8948bd9f3b37
Scott Hilton,Republican,House of Representatives,48,0.9938,0.0062,323,325,0.9597,0.0403,1168,49,1217,false,ocd-person/91abe321-5ea4-4f17-b8d8-573d7cb913e6
Chuck Martin,Republican,House of Representatives,49,1.0,0.0,248,248,0.9113,0.0887,1109,108,1217,false,ocd-person/42517dd7-eccb-4d22-a795-cbd010b69ee6
Michelle Au,Democratic,House of Representatives,50,0.9472,0.0528,305,322,0.9071,0.0929,1104,113,1217,false,ocd-person/48b46caf-d38e-46ab-96ff-c268e23a7d76
Esther Panitch,Democratic,House of Representatives,51,0.9319,0.0681,301,323,0.9671,0.0329,1177,40,1217,false,ocd-person/bdc621be-7296-4383-8c45-b4533d1c106c
Shea Roberts,Democratic,House of Representatives,52,0.9659,0.0341,312,323,0.9663,0.0337,1176,41,1217,false,ocd-person/9007dcd9-3246-4cf3-9185-7478b3a9ad7a
Deborah Silcox,Republican,House of Representatives,53,0.9728,0.0272,143,147,0.7962,0.2038,969,248,1217,false,ocd-person/b824f8fd-7343-449d-8027-fcd0afaf1949
Betsy Holland,Democratic,House of Representatives,54,0.9779,0.0221,310,317,0.8956,0.1044,1090,127,1217,false,ocd-person/c2c81ffc-f4b1-40f4-96b0-6309f89902ee
Inga Willis,Democratic,House of Representatives,55,1.0,0.0,278,278,0.8644,0.1356,1052,165,1217,false,ocd-person/f02d369f-2d48-4d8d-853d-77ce5a8810fc
Bryce Berry,Democratic,House of Representatives,56,1.0,0.0,326,326,0.9491,0.0509,1155,62,1217,false,ocd-person/b1187e7a-8cea-4e91-9c9f-7c7c61df3c85
Stacey Evans,Democratic,House of Representatives,57,0.9785,0.0215,318,325,0.9811,0.0189,1194,23,1217,false,ocd-person/fa5d8d09-a0b9-4ba4-93da-a24902530416
Park Cannon,Democratic,House of Representatives,58,0.9969,0.0031,321,322,0.8389,0.1611,1021,196,1217,false,ocd-person/5c5ab5cb-54f6-4218-8d1d-a99d36bca436
Phil Olaleye,Democratic,House of Representatives,59,0.9877,0.0123,322,326,0.9704,0.0296,1181,36,1217,false,ocd-person/80928bd9-c963-4b21-954c-c62ee9373064
Sheila Jones,Democratic,House of Representatives,60,0.9842,0.0158,311,316,0.94,0.06,1144,73,1217,false,ocd-person/b278b399-5ca3-4cd7-bc19-4053166577a2
Mekyah McQueen,Democratic,House of Representatives,61,1.0,0.0,315,315,0.8447,0.1553,1028,189,1217,false,ocd-person/f0af2586-d535-4e44-bcaa-65239f9390b1
Tanya Miller,Democratic,House of Representatives,62,0.9938,0.0062,319,321,0.8595,0.1405,1046,171,1217,false,ocd-person/6e5432a3-09ed-4813-b11d-e97222bb7e4d
Kim Schofield,Democratic,House of Representatives,63,0.9969,0.0031,326,327,0.9827,0.0173,1196,21,1217,false,ocd-person/eff357d0-3187-4a7b-93fe-2d54d010b093
Sylvia Wayfer,Democratic,House of Representatives,64,0.9958,0.0042,235,236,0.7864,0.2136,957,260,1217,false,ocd-person/cabc1e6f-ba7c-4063-a778-707579f91ec8
Robert Dawson,Democratic,House of Representatives,65,0.9193,0.0807,296,322,0.986,0.014,1200,17,1217,false,ocd-person/5d77204f-89e7-43df-bccb-a08b9956132d
Kimberly Alexander,Democratic,House of Representatives,66,0.9908,0.0092,324,327,0.991,0.009,1206,11,1217,false,ocd-person/275b772e-6407-4aaa-8bd6-ceddad1da7fa
Lydia Glaize,Democratic,House of Representatives,67,0.954,0.046,228,239,0.8973,0.1027,1092,125,1217,false,ocd-person/ee575d7a-b5a1-419c-949d-4aa9290a67a1
Derrick Jackson,Democratic,House of Representatives,68,0.9969,0.0031,324,325,0.9433,0.0567,1148,69,1217,false,ocd-person/9046fcb2-f3eb-4233-bd92-32c94e60f9df
Debra Bazemore,Democratic,House of Representatives,69,1.0,0.0,324,324,0.9211,0.0789,1121,96,1217,false,ocd-person/1bb8d14b-9d5d-4edd-8c93-37e95991a8e4
Lynn Smith,Republican,House of Representatives,70,0.9969,0.0031,324,325,0.9827,0.0173,1196,21,1217,false,ocd-person/945875f7-f3c5-4c75-acd6-a195a0f76b12
Jutt Howard,Republican,House of Representatives,71,1.0,0.0,325,325,0.9786,0.0214,1191,26,1217,false,ocd-person/8b62e64b-bf80-4967-832b-8fb92cd6c4b3
David Huddleston,Republican,House of Representatives,72,1.0,0.0,327,327,0.9984,0.0016,1215,2,1217,false,ocd-person/9bcfa0eb-ee7d-4762-9555-7bc4a67d6417
Josh Bonner,Republican,House of Representatives,73,0.9908,0.0092,323,326,0.977,0.023,1189,28,1217,false,ocd-person/0e45048c-c1a4-415f-9ee4-5d09ea857e2e
Robert Flournoy,Democratic,House of Representatives,74,0.9538,0.0462,310,325,0.9803,0.0197,1193,24,1217,false,ocd-person/32c3fbdd-4034-47d0-b7ab-0411bd200737
Eric Bell,Democratic,House of Representatives,75,0.9937,0.0063,315,317,0.9113,0.0887,1109,108,1217,false,ocd-person/fe4b934e-8976-4c62-bcb0-ed8ae9782560
Sandra Scott,Democratic,House of Representatives,76,0.9969,0.0031,322,323,0.926,0.074,1127,90,1217,false,ocd-person/21c6cae1-bcd2-4403-ad39-af04b64ce55c
Rhonda Burnough,Democratic,House of Representatives,77,0.9969,0.0031,326,327,0.9688,0.0312,1179,38,1217,false,ocd-person/e04bd985-5b75-4551-84a1-f9797ac495d2
Demetrius Douglas,Democratic,House of Representatives,78,0.9811,0.0189,311,317,0.9129,0.0871,1111,106,1217,false,ocd-person/016fb7f0-2b08-4587-b7f2-8d18c1d9b8f5
Yasmin Neal,Democratic,House of Representatives,79,0.9766,0.0234,292,299,0.8127,0.1873,989,228,1217,false,ocd-person/6f986b42-14f6-4147-9466-c49294331db9
Long Tran,Democratic,House of Representatives,80,0.9174,0.0826,300,327,0.9811,0.0189,1194,23,1217,false,ocd-person/7475f989-a4f9-4ac8-9188-26903a012d71
Noelle Kahaian,Republican,House of Representatives,81,0.9625,0.0375,308,320,0.9852,0.0148,1199,18,1217,false,ocd-person/fdf78e39-985f-48c3-8ed3-ccf15946871f
Karen Mathiak,Republican,House of Representatives,82,0.9908,0.0092,324,327,0.9893,0.0107,1204,13,1217,false,ocd-person/f8db50e0-08ab-406c-ac8b-39c7038ef5ca
Karen Lupton,Democratic,House of Representatives,83,0.9786,0.0214,320,327,0.9721,0.0279,1183,34,1217,false,ocd-person/eb28f991-35c9-4d84-a907-5be56aed1aff
Mary Margaret Oliver,Democratic,House of Representatives,84,0.9556,0.0444,301,315,0.8061,0.1939,981,236,1217,false,ocd-person/e6ca1b23-0972-4df6-ab04-6186cf9da814
Karla Drenner,Democratic,House of Representatives,85,0.9659,0.0341,312,323,0.9638,0.0362,1173,44,1217,false,ocd-person/27365f19-a138-4a9e-9f6e-11352932e5d5
Imani Barnes,Democratic,House of Representatives,86,0.9563,0.0437,306,320,0.931,0.069,1133,84,1217,false,ocd-person/2a68d594-e7d5-49cd-b615-6efb872430c3
Viola Davis,Democratic,House of Representatives,87,0.9785,0.0215,319,326,0.9951,0.0049,1211,6,1217,false,ocd-person/e3b1be9c-b244-4466-9192-adc365a31cfb
Billy Mitchell,Democratic,House of Representatives,88,0.9571,0.0429,312,326,0.9425,0.0575,1147,70,1217,false,ocd-person/96307d79-07d4-4f59-9dd3-b7f994d566d5
Omari Crawford,Democratic,House of Representatives,89,0.9392,0.0608,170,181,0.834,0.166,1015,202,1217,false,ocd-person/dbb81f07-2181-48dd-b383-19870e08d4fd
Saira Draper,Democratic,House of Representatives,90,0.9618,0.0382,302,314,0.8965,0.1035,1091,126,1217,false,ocd-person/2a66b922-b812-4c45-9786-478187cd5e33
Angela Moore,Democratic,House of Representatives,91,0.9771,0.0229,299,306,0.8127,0.1873,989,228,1217,false,ocd-person/b001a55f-61fa-4e62-85fd-ac6c282f2711
Rhonda Taylor,Democratic,House of Representatives,92,0.9842,0.0158,312,317,0.9491,0.0509,1155,62,1217,false,ocd-person/bc40f904-9c20-41d0-80d5-e5645d3e6935
Doreen Carter,Democratic,House of Representatives,93,0.9966,0.0034,289,290,0.8718,0.1282,1061,156,1217,false,ocd-person/818f1afb-2850-448e-99c1-be63a9acfe95
Venola Mason,Democratic,House of Representatives,94,1.0,0.0,243,243,1.0,0.0,244,0,244,false,ocd-person/b9050158-4a6d-4332-8ad2-769472f52e3e
Dar'shun Kendrick,Democratic,House of Representatives,95,0.9404,0.0596,300,319,0.9187,0.0813,1118,99,1217,false,ocd-person/1f94316e-fb58-401f-bbfc-5ada0a717b6b
Arlene Beckles,Democratic,House of Representatives,96,0.9786,0.0214,320,327,0.9942,0.0058,1210,7,1217,false,ocd-person/3b3da57c-2f96-4a94-a7bc-eb6a814cc627
Ruwa Romman,Democratic,House of Representatives,97,0.9969,0.0031,323,324,0.8817,0.1183,1073,144,1217,false,ocd-person/d291834f-70cd-48b5-b7db-b05d23d74a4c
Marvin Lim,Democratic,House of Representatives,98,0.9908,0.0092,324,327,0.9926,0.0074,1208,9,1217,false,ocd-person/9531d502-440c-48db-83c4-70dfbe9a9ea1
Matt Reeves,Republican,House of Representatives,99,0.9939,0.0061,324,326,0.9893,0.0107,1204,13,1217,false,ocd-person/0f4f3c5a-1192-4ec1-9698-4aef005b4875
David Clark,Republican,House of Representatives,100,0.9969,0.0031,325,326,0.9622,0.0378,1171,46,1217,false,ocd-person/ad18dba4-9247-4542-95b1-2ccef815dbc7
Scott Holcomb,Democratic,House of Representatives,101,0.9336,0.0664,239,256,0.9203,0.0797,1120,97,1217,false,ocd-person/99ef9b20-6b1f-4831-8e58-a523de606cda
Gabe Okoye,Democratic,House of Representatives,102,0.9688,0.0312,311,321,0.9688,0.0312,1179,38,1217,false,ocd-person/dc99efc3-076b-4d00-b4b0-66a0507a4057
Soo Hong,Republican,House of Representatives,103,0.9969,0.0031,326,327,0.9942,0.0058,1210,7,1217,false,ocd-person/64721c9b-451c-4bc9-9040-4ca232ffd746
Chuck Efstration,Republican,House of Representatives,104,0.9969,0.0031,326,327,0.9992,0.0008,1216,1,1217,false,ocd-person/3ff894cb-f2e4-47d0-9f67-b125245a10c3
Sandy Donatucci,Republican,House of Representatives,105,0.9969,0.0031,325,326,0.9786,0.0214,1191,26,1217,false,ocd-person/4ab15127-5b7a-40bc-8807-26e8e8a73397
Akbar Ali,Democratic,House of Representatives,106,1.0,0.0,287,287,0.9957,0.0043,700,3,703,false,ocd-person/938f2479-c51f-446a-87f0-76d4f07c61e5
Sam Park,Democratic,House of Representatives,107,0.9969,0.0031,325,326,0.9458,0.0542,1151,66,1217,false,ocd-person/2ba0916f-40b1-4255-9496-94b12ccabd1e
Jasmine Clark,Democratic,House of Representatives,108,0.9968,0.0032,312,313,0.9154,0.0846,1114,103,1217,false,ocd-person/0461f02b-df18-4984-8b3b-ada287879d0a
Dewey McClain,Democratic,House of Representatives,109,0.9969,0.0031,320,321,0.9614,0.0386,1170,47,1217,false,ocd-person/8afda706-7afa-462c-89f2-0d6d5da010ff
Segun Adeyina,Democratic,House of Representatives,110,0.9816,0.0184,320,326,0.9753,0.0247,1187,30,1217,false,ocd-person/702658f4-8382-479a-9416-79928239d5e7
Rey Martinez,Republican,House of Representatives,111,0.9939,0.0061,325,327,0.9819,0.0181,1195,22,1217,false,ocd-person/08ee45fd-d3f4-4129-9e7c-27cf52533ed2
Bruce Williamson,Republican,House of Representatives,112,0.9969,0.0031,319,320,0.9737,0.0263,1185,32,1217,false,ocd-person/13b7af1b-5b56-481b-a81a-2001846188a6
Tim Fleming,Republican,House of Representatives,114,0.9969,0.0031,326,327,0.9967,0.0033,1213,4,1217,false,ocd-person/cf955c60-cbda-4414-9266-3d8dca3553fe
Regina Lewis-Ward,Democratic,House of Representatives,115,0.9589,0.0411,303,316,0.9326,0.0674,1135,82,1217,false,ocd-person/21651856-bba6-49fd-b3f8-8ed1b723e804
El-Mahdi Holly,Democratic,House of Representatives,116,0.9639,0.0361,267,277,0.8373,0.1627,1019,198,1217,false,ocd-person/4615e308-db74-408f-89df-02be56b5013b
Mary Ann Santos,Democratic,House of Representatives,117,0.9842,0.0158,312,317,0.9063,0.0937,1103,114,1217,false,ocd-person/7deae3f1-5548-4afe-9018-e8112945fd8d
Clint Crowe,Republican,House of Representatives,118,0.9938,0.0062,323,325,0.9901,0.0099,1205,12,1217,false,ocd-person/e1a9102d-f845-47f5-882e-e344eef060ec
Holt Persinger,Republican,House of Representatives,119,0.9969,0.0031,326,327,0.991,0.009,1206,11,1217,false,ocd-person/b39e2164-d570-45f2-b271-5e2fbe99c8d6
Houston Gaines,Republican,House of Representatives,120,1.0,0.0,327,327,0.977,0.023,1189,28,1217,false,ocd-person/e73cb2a6-bf3e-4211-a386-142c18a4f607
Eric Gisler,Democratic,House of Representatives,121,0.9757,0.0243,281,288,1.0,0.0,703,0,703,false,ocd-person/abece831-30a8-4cf8-94ff-d41f7f48197f
Spencer Frye,Democratic,House of Representatives,122,0.9938,0.0062,323,325,0.9071,0.0929,1104,113,1217,false,ocd-person/e6ae8d30-4b1b-4b06-8918-2be6fa7f8108
Rob Leverett,Republican,House of Representatives,123,0.9969,0.0031,325,326,0.9918,0.0082,1207,10,1217,false,ocd-person/29210f3f-ec97-47c8-9492-b81154275109
Trey Rhodes,Republican,House of Representatives,124,1.0,0.0,327,327,0.9885,0.0115,1203,14,1217,false,ocd-person/9dfc8ec3-0935-4d1d-877d-e05cf7a5dca5
Gary Richardson,Republican,House of Representatives,125,0.9908,0.0092,324,327,0.9721,0.0279,1183,34,1217,false,ocd-person/47fd36f3-f5d4-4ef6-a429-1ffc7681e233
L.C. Myles,Democratic,House of Representatives,126,0.9688,0.0312,248,256,0.8833,0.1167,1075,142,1217,false,ocd-person/1d9bb111-bf4f-4e4f-aa63-a2f6a94b566c
Mark Newton,Republican,House of Representatives,127,0.9939,0.0061,324,326,0.9614,0.0386,1170,47,1217,false,ocd-person/5e12fb82-1f69-46df-9ac5-a09ce51dd95b
Mack Jackson,Democratic,House of Representatives,128,0.5758,0.4242,19,33,0.562,0.438,684,533,1217,false,ocd-person/8e209d95-2333-4aa2-a628-1bdcec0674f5
Karlton Howard,Democratic,House of Representatives,129,0.9907,0.0093,319,322,0.9285,0.0715,1130,87,1217,false,ocd-person/4b3fdb35-d3fb-40aa-843e-d3900df37ce4
Sheila Nelson,Democratic,House of Representatives,130,1.0,0.0,204,204,0.8402,0.1598,205,39,244,false,ocd-person/059c0e54-cc7b-4605-aee6-58388026a2fb
Rob Clifton,Republican,House of Representatives,131,0.9938,0.0062,321,323,0.9195,0.0805,1119,98,1217,false,ocd-person/84eb7371-a332-4534-b3b3-542500c798f8
Brian Prince,Democratic,House of Representatives,132,0.9134,0.0866,232,254,0.9063,0.0937,1103,114,1217,false,ocd-person/a53e6bbd-a5b8-436b-94ae-bebf957c5b61
Danny Mathis,Republican,House of Representatives,133,0.9938,0.0062,323,325,0.9688,0.0312,1179,38,1217,false,ocd-person/1a9598cc-056f-4725-a3fb-64c3f0fd26ed
Robert Dickey,Republican,House of Representatives,134,0.9939,0.0061,324,326,0.9762,0.0238,1188,29,1217,false,ocd-person/f863b50d-c865-463a-830a-e5648837d9f7
Beth Camp,Republican,House of Representatives,135,0.9939,0.0061,325,327,0.9918,0.0082,1207,10,1217,false,ocd-person/e4e40f68-0970-4392-b739-3c68f749bcdc
David Jenkins,Republican,House of Representatives,136,0.9906,0.0094,316,319,0.8858,0.1142,1078,139,1217,false,ocd-person/0f288c5b-484a-4b70-8209-0a23f922edd1
Debbie Buckner,Democratic,House of Representatives,137,0.9502,0.0498,248,261,0.9252,0.0748,1126,91,1217,false,ocd-person/5061bc6b-83af-46d0-a78d-30ebe10a63db
Vance Smith,Republican,House of Representatives,138,0.9908,0.0092,323,326,0.991,0.009,1206,11,1217,false,ocd-person/9deeb60b-4d1e-42b8-8052-d2808a30ea9a
Carmen Rice,Republican,House of Representatives,139,0.9969,0.0031,326,327,0.9869,0.0131,1201,16,1217,false,ocd-person/3646e872-85a6-4383-97c5-36ff96ca7113
Teddy Reese,Democratic,House of Representatives,140,0.977,0.023,298,305,0.8652,0.1348,1053,164,1217,false,ocd-person/9fe70ed7-31a0-4732-92b1-54d2a79a4654
Carolyn Hugley,Democratic,House of Representatives,141,0.9877,0.0123,320,324,0.9655,0.0345,1175,42,1217,false,ocd-person/0f5a9273-2fc6-458f-af59-b75070a1dc76
Miriam Paris,Democratic,House of Representatives,142,0.9628,0.0372,181,188,0.834,0.166,1015,202,1217,false,ocd-person/bad14891-c7bc-4ac4-b23a-fb5ae3878d67
Nissa Jones,Democratic,House of Representatives,143,0.9723,0.0277,316,325,0.9663,0.0337,1176,41,1217,false,ocd-person/55074030-4d64-4da0-b68a-5e3945d00f25
Dale Washburn,Republican,House of Representatives,144,0.9821,0.0179,274,279,0.802,0.198,976,241,1217,false,ocd-person/ec6cf250-ebcc-4dda-89a5-12da9ebbe51a
Tangie Herring,Democratic,House of Representatives,145,0.3792,0.6208,124,327,0.9959,0.0041,1212,5,1217,false,ocd-person/c5766526-3a5a-4d33-b5ff-a0d1d358d7ae
Shaw Blackmon,Republican,House of Representatives,146,0.9938,0.0062,319,321,0.9589,0.0411,1167,50,1217,false,ocd-person/ee145624-3295-4db4-b3ce-9d1583e4ef6e
Bethany Ballard,Republican,House of Representatives,147,0.9969,0.0031,323,324,0.9942,0.0058,1210,7,1217,false,ocd-person/8b4b00cb-6f78-4b69-b788-796b19d94752
Noel Williams,Republican,House of Representatives,148,1.0,0.0,327,327,0.9647,0.0353,1174,43,1217,false,ocd-person/3252da04-a17e-4298-b19d-9dd2fbf29ded
Floyd Griffin,Democratic,House of Representatives,149,0.9875,0.0125,316,320,0.9737,0.0263,1185,32,1217,false,ocd-person/b261086c-7b16-4a8e-82a6-22df4445af84
Patty Marie Stinson,Democratic,House of Representatives,150,0.1244,0.8756,28,225,0.7025,0.2975,855,362,1217,false,ocd-person/af51c2db-8871-45a4-803d-314fa2b9d18d
Mike Cheokas,Republican,House of Representatives,151,0.9752,0.0248,315,323,0.9252,0.0748,1126,91,1217,false,ocd-person/1831cc73-e694-4cea-83a4-b55c3495f76a
Bill Yearta,Republican,House of Representatives,152,1.0,0.0,261,261,0.9219,0.0781,1122,95,1217,false,ocd-person/23dfc274-73d1-45df-b381-67e597cf0b84
David Sampson,Democratic,House of Representatives,153,0.9623,0.0377,306,318,0.9203,0.0797,1120,97,1217,false,ocd-person/9a8e7b0c-3c19-473f-b04a-d3a17037af0a
Gerald Greene,Republican,House of Representatives,154,0.9938,0.0062,318,320,0.9893,0.0107,1204,13,1217,false,ocd-person/570a213a-a475-4fd3-ac36-23e1bd1190be
Matt Hatchett,Republican,House of Representatives,155,0.9969,0.0031,319,320,0.9573,0.0427,1165,52,1217,false,ocd-person/c81779f3-65bf-4714-b295-79cac3b0da28
Leesa Hagan,Republican,House of Representatives,156,0.9939,0.0061,325,327,0.9721,0.0279,1183,34,1217,false,ocd-person/df874c28-6403-42c1-9cbb-0855508cda85
Bill Werkheiser,Republican,House of Representatives,157,0.9825,0.0175,281,286,0.9219,0.0781,1122,95,1217,false,ocd-person/adefd0ba-43cd-4aae-9321-12f67e57ac8a
Butch Parrish,Republican,House of Representatives,158,0.9969,0.0031,325,326,0.9975,0.0025,1214,3,1217,false,ocd-person/842218b5-88ae-4ba8-8395-756bf3340e16
Jon Burns,Republican,House of Representatives,159,,,0,0,0.0,1.0,0,1217,1217,true,ocd-person/64012657-d026-411c-9525-3232524a5145
Lehman Franklin,Republican,House of Representatives,160,0.9878,0.0122,323,327,0.9778,0.0222,1190,27,1217,false,ocd-person/6971bb34-9ea4-4bdc-971e-c1a2c5de344c
Bill Hitchens,Republican,House of Representatives,161,0.9969,0.0031,317,318,0.9359,0.0641,1139,78,1217,false,ocd-person/4a9ef816-9130-4510-a19e-3124e3f2aeed
Carl Gilliard,Democratic,House of Representatives,162,0.9558,0.0442,216,226,0.774,0.226,942,275,1217,false,ocd-person/562e162f-2a60-441c-956b-11db12eef266
Anne Westbrook,Democratic,House of Representatives,163,0.9921,0.0079,251,253,0.8677,0.1323,1056,161,1217,false,ocd-person/e16d6516-badc-4682-9e3a-84f30a44b060
Ron Stephens,Republican,House of Representatives,164,0.9969,0.0031,324,325,0.9712,0.0288,1182,35,1217,false,ocd-person/aeaeb854-ff9c-47cb-8069-395b60ba05b2
Edna Jackson,Democratic,House of Representatives,165,0.8933,0.1067,67,75,0.7108,0.2892,865,352,1217,false,ocd-person/18427775-e3e7-4730-bb6f-722616e6aebe
Jesse Petrea,Republican,House of Representatives,166,0.9937,0.0063,316,318,0.8751,0.1249,1065,152,1217,false,ocd-person/38c596a4-df69-4a56-9329-be73f26bc7d5
Buddy DeLoach,Republican,House of Representatives,167,0.9922,0.0078,254,256,0.8562,0.1438,1042,175,1217,false,ocd-person/d40576ac-fbc0-4b42-98ee-f6362063784d
Al Williams,Democratic,House of Representatives,168,0.984,0.016,307,312,0.8743,0.1257,1064,153,1217,false,ocd-person/a5a0998b-3837-4c4e-a66b-a567dc2f9d77
Angie O'Steen,Republican,House of Representatives,169,1.0,0.0,253,253,0.8611,0.1389,1048,169,1217,false,ocd-person/1d0deded-daaa-425b-b6aa-3612492dca5b
Jaclyn Ford,Republican,House of Representatives,170,0.9969,0.0031,326,327,0.9975,0.0025,1214,3,1217,false,ocd-person/37602f7b-947e-4067-8f2e-b2fec620643e
Joe Campbell,Republican,House of Representatives,171,0.9969,0.0031,326,327,0.9967,0.0033,1213,4,1217,false,ocd-person/c862c17f-ed00-41d7-97e5-1138f451a96c
Chas Cannon,Republican,House of Representatives,172,0.9969,0.0031,326,327,0.9778,0.0222,1190,27,1217,false,ocd-person/cba2f06c-773c-49d3-949c-b1a2db377c21
Darlene Taylor,Republican,House of Representatives,173,0.9961,0.0039,257,258,0.9318,0.0682,1134,83,1217,false,ocd-person/d00eb950-0fb6-41ab-ae22-8e9ce84d7cf0
John Corbett,Republican,House of Representatives,174,0.9939,0.0061,324,326,0.9795,0.0205,1192,25,1217,false,ocd-person/a34c9a5a-f307-4c07-b766-3b3b1148d7b1
John LaHood,Republican,House of Representatives,175,0.9968,0.0032,314,315,0.9712,0.0288,1182,35,1217,false,ocd-person/9249be26-54d2-467a-88ec-2588b886148d
James Burchett,Republican,House of Representatives,176,0.9969,0.0031,326,327,0.9967,0.0033,1213,4,1217,false,ocd-person/dbce462d-74e3-42d3-bd6c-3b9f8eeb69fe
Alvin Payton,Democratic,House of Representatives,177,0.7284,0.2716,177,243,1.0,0.0,244,0,244,false,ocd-person/8aa7ee05-bf64-4c51-8821-ad905d25741b
Steven Meeks,Republican,House of Representatives,178,0.9969,0.0031,325,326,0.9367,0.0633,1140,77,1217,false,ocd-person/3194a8e0-aaf8-4686-b2c9-a22521f85fff
Rick Townsend,Republican,House of Representatives,179,0.9908,0.0092,324,327,0.9975,0.0025,1214,3,1217,false,ocd-person/1da20ad9-1a05-42ab-addb-7fbf295a0e5d
Steven Sainz,Republican,House of Representatives,180,0.9814,0.0186,317,323,0.9441,0.0559,1149,68,1217,false,ocd-person/99082062-acd6-4c6b-bb45-2cfa071f19fc
Ben Watson,Republican,Senate,1,0.9758,0.0242,121,124,0.9803,0.0197,1044,21,1065,false,ocd-person/fd2717f1-6294-4601-a027-8fc41195372c
Derek Mallow,Democratic,Senate,2,0.9362,0.0638,88,94,0.8338,0.1662,888,177,1065,false,ocd-person/73918c45-83c1-4d52-a84d-3ad7ad8de40b
Mike Hodges,Republican,Senate,3,0.96,0.04,120,125,0.9972,0.0028,1062,3,1065,false,ocd-person/011995be-4dd0-43b2-ae75-57ae45f53576
Billy Hickman,Republican,Senate,4,0.9664,0.0336,115,119,0.9728,0.0272,1036,29,1065,false,ocd-person/449db918-10b7-4fa7-a047-eb9de416dce3
Sheikh Rahman,Democratic,Senate,5,0.9397,0.0603,109,116,0.8798,0.1202,937,128,1065,false,ocd-person/5b6e0e37-802b-4103-b401-551532aba2e7
Matt Brass,Republican,Senate,6,0.9661,0.0339,114,118,0.9277,0.0723,988,77,1065,false,ocd-person/81b84318-8c9f-467f-a7c1-776d9c415f51
Russ Goodman,Republican,Senate,8,0.9677,0.0323,120,124,0.9624,0.0376,1025,40,1065,false,ocd-person/b90b899d-87f0-43a5-9d15-6e310187ac41
Nikki Merritt,Democratic,Senate,9,0.9917,0.0083,120,121,0.9099,0.0901,969,96,1065,false,ocd-person/57ad1f65-9969-4be2-b262-684bf53123fb
Emanuel Jones,Democratic,Senate,10,0.7885,0.2115,82,104,0.8958,0.1042,954,111,1065,false,ocd-person/acc7c167-6251-4ce8-8021-511acfa291ef
Sam Watson,Republican,Senate,11,0.9646,0.0354,109,113,0.9268,0.0732,987,78,1065,false,ocd-person/cbcdfca3-e47d-4b32-9164-ec0709a134bf
Freddie Powell Sims,Democratic,Senate,12,0.8519,0.1481,69,81,0.6263,0.3737,667,398,1065,false,ocd-person/a0bfdc0d-4110-4cd2-b83c-834bba4300f5
Carden Summers,Republican,Senate,13,0.952,0.048,119,125,0.9859,0.0141,1050,15,1065,false,ocd-person/98850c9f-1c37-4177-9ad8-17d2b4d3c8d4
Josh McLaurin,Democratic,Senate,14,0.9231,0.0769,108,117,0.938,0.062,999,66,1065,false,ocd-person/b83b0486-773f-4979-a1ce-e2f7f3e6d7e1
Ed Harbison,Democratic,Senate,15,0.8378,0.1622,93,111,0.9202,0.0798,980,85,1065,false,ocd-person/4cf7c975-678b-4e21-9877-6d22d7b37916
Marty Harbin,Republican,Senate,16,0.9918,0.0082,121,122,0.9343,0.0657,995,70,1065,false,ocd-person/078246e9-90b8-43aa-bb92-d7016f517b8e
Gail Davenport,Democratic,Senate,17,0.9737,0.0263,111,114,0.9408,0.0592,1002,63,1065,false,ocd-person/df023a79-0194-4d1a-8755-5dee4053e1cc
Steven McNeel,Republican,Senate,18,1.0,0.0,62,62,0.9895,0.0105,473,5,478,false,ocd-person/516cb969-9467-490f-9a05-02c3e7decae3
Blake Tillery,Republican,Senate,19,0.9831,0.0169,116,118,0.8873,0.1127,945,120,1065,false,ocd-person/e9c5a2fc-3354-49e1-ac29-783502155fe7
Larry Walker,Republican,Senate,20,0.9722,0.0278,105,108,0.769,0.231,819,246,1065,false,ocd-person/44a51125-9e82-41f6-8d4f-a646895b5994
Jason Dickerson,Republican,Senate,21,0.9444,0.0556,68,72,0.9794,0.0206,524,11,535,false,ocd-person/584267b0-e40b-4d6e-a7fe-4c076eb6214c
Harold Jones,Democratic,Senate,22,0.9083,0.0917,109,120,0.7953,0.2047,847,218,1065,false,ocd-person/d7bfd125-d343-4acd-a4dc-480daf241af3
Max Burns,Republican,Senate,23,0.9919,0.0081,123,124,0.9577,0.0423,1020,45,1065,false,ocd-person/918888ac-edc7-4178-9133-d058f0f21010
Lee Anderson,Republican,Senate,24,0.9918,0.0082,121,122,0.984,0.016,1048,17,1065,false,ocd-person/e11cecf4-f2e5-49d9-ba9e-47681f779438
Rick Williams,Republican,Senate,25,0.9919,0.0081,123,124,0.9803,0.0197,1044,21,1065,false,ocd-person/c7860bae-9d9c-449c-9903-20230eec50ac
David Lucas,Democratic,Senate,26,0.8378,0.1622,93,111,0.8122,0.1878,865,200,1065,false,ocd-person/4b05e770-4423-4b64-8ae1-9600e8c73244
Greg Dolezal,Republican,Senate,27,0.9918,0.0082,121,122,0.9653,0.0347,1028,37,1065,false,ocd-person/1f7d013a-8861-4e08-b6bf-7c8d36f8107c
Donzella James,Democratic,Senate,28,0.9474,0.0526,108,114,0.8873,0.1127,945,120,1065,false,ocd-person/7f88fadb-2f51-48c7-8ae5-e20cd2f33e4a
Randy Robertson,Republican,Senate,29,0.984,0.016,123,125,0.954,0.046,1016,49,1065,false,ocd-person/6da7fe11-4436-4854-8e1b-4c45dc4cdaac
Tim Bearden,Republican,Senate,30,0.9677,0.0323,120,124,0.9183,0.0817,978,87,1065,false,ocd-person/93f45299-bfa2-4458-844a-5c6b9bdd8c1d
Jason Anavitarte,Republican,Senate,31,0.9516,0.0484,118,124,0.9643,0.0357,1027,38,1065,false,ocd-person/cb7d8c1d-3c26-4f35-8d37-d1cf8a7ce207
Kay Kirkpatrick,Republican,Senate,32,1.0,0.0,121,121,0.9596,0.0404,1022,43,1065,false,ocd-person/fc31ab02-026c-4173-86db-570c0b297c64
Doc Rhett,Democratic,Senate,33,0.9224,0.0776,107,116,0.9493,0.0507,1011,54,1065,false,ocd-person/efb9168c-b45a-4f43-bba5-d6f05e7d9cbe
Kenya Wicks,Democratic,Senate,34,0.9545,0.0455,105,110,0.8469,0.1531,902,163,1065,false,ocd-person/0a816fbf-e5ec-4056-8b3e-08184400e71b
Jaha Howard,Democratic,Senate,35,0.9275,0.0725,64,69,0.9308,0.0692,498,37,535,false,ocd-person/fcd57129-480c-4fba-a0d1-7fb369706611
Nan Orrock,Democratic,Senate,36,0.9918,0.0082,121,122,0.9146,0.0854,974,91,1065,false,ocd-person/bf2c1ec5-d995-4605-85ac-139adb037d99
Ed Setzler,Republican,Senate,37,0.9916,0.0084,118,119,0.8723,0.1277,929,136,1065,false,ocd-person/777f58bb-9d6b-4755-ab7b-b94d11629cb5
RaShaun Kemp,Democratic,Senate,38,0.9091,0.0909,110,121,0.9671,0.0329,1030,35,1065,false,ocd-person/069fb4fa-766b-40e4-90b7-ce96b4fa2ace
Sonya Halpern,Democratic,Senate,39,0.8729,0.1271,103,118,0.8695,0.1305,926,139,1065,false,ocd-person/2abbbe23-8cb6-4f33-afaf-38ce88a4e10c
Sally Harrell,Democratic,Senate,40,0.9369,0.0631,104,111,0.9052,0.0948,964,101,1065,false,ocd-person/218a4fc4-a568-4b78-b350-0d60c6b12d4c
Kim Jackson,Democratic,Senate,41,0.9655,0.0345,112,116,0.877,0.123,934,131,1065,false,ocd-person/2f8621bc-0548-457c-8b0d-9148e14b77fe
Brian Strickland,Republican,Senate,42,0.9829,0.0171,115,117,0.9577,0.0423,1020,45,1065,false,ocd-person/3a5721a0-d848-40d0-a48a-66b797e7d7d9
Tonya Anderson,Democratic,Senate,43,0.973,0.027,108,111,0.8742,0.1258,931,134,1065,false,ocd-person/d9f1ea57-7b90-484a-9664-927a36c87e0c
Elena Parent,Democratic,Senate,44,0.913,0.087,105,115,0.8826,0.1174,940,125,1065,false,ocd-person/3f15ad5e-877d-44aa-b5b3-b24587c42685
Clint Dixon,Republican,Senate,45,0.9677,0.0323,120,124,0.9784,0.0216,1042,23,1065,false,ocd-person/17a7e011-73f2-4ac5-8470-3436b47a6744
Bill Cowsert,Republican,Senate,46,0.9677,0.0323,120,124,0.9371,0.0629,998,67,1065,false,ocd-person/4dc87191-fa52-4c2f-bc9c-8823a8b4c882
Frank Ginn,Republican,Senate,47,0.9677,0.0323,120,124,0.9831,0.0169,1047,18,1065,false,ocd-person/9e417b67-da09-4516-b858-6b2458f53633
Shawn Still,Republican,Senate,48,0.9917,0.0083,119,120,0.9653,0.0347,1028,37,1065,false,ocd-person/314d7845-ba55-4bd4-809a-c7c7aea26690
Drew Echols,Republican,Senate,49,0.9919,0.0081,122,123,0.9474,0.0526,1009,56,1065,false,ocd-person/6be704ef-6250-4e08-86d3-f5fa2e1eebf3
Bo Hatchett,Republican,Senate,50,0.9649,0.0351,110,114,0.9587,0.0413,1021,44,1065,false,ocd-person/60bb96c4-f20c-4918-b88b-d7857341e5f4
Steve Gooch,Republican,Senate,51,0.9677,0.0323,120,124,0.9746,0.0254,1038,27,1065,false,ocd-person/e2c141e9-9e04-4e2b-8e5b-57db594c7abc
Chuck Hufstetler,Republican,Senate,52,0.9829,0.0171,115,117,0.8836,0.1164,941,124,1065,false,ocd-person/b11d0191-cd84-4a93-add6-ee65494caff2
Lanny Thomas,Republican,Senate,53,1.0,0.0,17,17,1.0,0.0,20,0,20,false,ocd-person/ae6e08e3-6971-4cd2-982a-48d650a343d5
Chuck Payne,Republican,Senate,54,1.0,0.0,122,122,0.9962,0.0038,1061,4,1065,false,ocd-person/1ac93f89-f367-4de3-82ba-79fa78d4d134
Randal Mangham,Democratic,Senate,55,0.9252,0.0748,99,107,0.8854,0.1146,943,122,1065,false,ocd-person/8798a822-fee8-4546-bcdd-455f788bef44
John Albers,Republican,Senate,56,0.9836,0.0164,120,122,0.9643,0.0357,1027,38,1065,false,ocd-person/ac1cac30-3fec-4c56-b172-b483db465a6b
