voteId,date,bill,title,motionText,yea,nay,result,billUrl
26651-74750,2026-06-17,SR 1EX,Senate Rules; adopt,ADOPTION,30,21,Pass,https://www.legis.ga.gov/legislation/74750
26652-74751,2026-06-17,SR 3EX,Adjournment; relative to,ADOPTION,45,5,Pass,https://www.legis.ga.gov/legislation/74751
26653-74748,2026-06-17,HR 2EX,General Assembly convened; notify Governor,ADOPTION,50,0,Pass,https://www.legis.ga.gov/legislation/74748
26658-74753,2026-06-20,HB 1EX,"Dublin, City of; ad valorem tax; provide homestead exemption",Local Calendar,95,67,Pass,https://www.legis.ga.gov/legislation/74753
26658-74756,2026-06-20,HB 2EX,Sumter County; ad valorem tax; provide homestead exemption,Local Calendar,95,67,Pass,https://www.legis.ga.gov/legislation/74756
26658-74758,2026-06-20,HB 3EX,"Rentz, City of; ad valorem tax; provide homestead exemption",Local Calendar,95,67,Pass,https://www.legis.ga.gov/legislation/74758
26658-74759,2026-06-20,HB 4EX,"Dudley, City of; ad valorem tax; provide homestead exemption",Local Calendar,95,67,Pass,https://www.legis.ga.gov/legislation/74759
26658-74760,2026-06-20,HB 5EX,"Cadwell, City of; ad valorem tax; provide homestead exemption",Local Calendar,95,67,Pass,https://www.legis.ga.gov/legislation/74760
26658-74761,2026-06-20,HB 6EX,"Toccoa, City of; ad valorem tax; provide homestead exemption",Local Calendar,95,67,Pass,https://www.legis.ga.gov/legislation/74761
26658-74762,2026-06-20,HB 7EX,Laurens County; ad valorem tax; provide homestead exemption,Local Calendar,95,67,Pass,https://www.legis.ga.gov/legislation/74762
26658-74764,2026-06-20,HB 8EX,Walker County; ad valorem tax; provide homestead exemption,Local Calendar,95,67,Pass,https://www.legis.ga.gov/legislation/74764
26658-74765,2026-06-20,HB 9EX,Madison County; ad valorem tax; provide homestead exemption,Local Calendar,95,67,Pass,https://www.legis.ga.gov/legislation/74765
26658-74766,2026-06-20,HB 10EX,Worth County; ad valorem tax; provide homestead exemption,Local Calendar,95,67,Pass,https://www.legis.ga.gov/legislation/74766
26658-74768,2026-06-20,HB 11EX,Glynn County; ad valorem tax; provide homestead exemption,Local Calendar,95,67,Pass,https://www.legis.ga.gov/legislation/74768
26658-74769,2026-06-20,HB 12EX,"Brunswick, City of; ad valorem tax; provide homestead exemption",Local Calendar,95,67,Pass,https://www.legis.ga.gov/legislation/74769
26658-74770,2026-06-20,HB 13EX,Mitchell County; ad valorem tax; provide homestead exemption,Local Calendar,95,67,Pass,https://www.legis.ga.gov/legislation/74770
26658-74771,2026-06-20,HB 14EX,Fannin County; ad valorem tax; provide homestead exemption,Local Calendar,95,67,Pass,https://www.legis.ga.gov/legislation/74771
26658-74772,2026-06-20,HB 15EX,"McCaysville, City of; ad valorem tax; provide homestead exemption",Local Calendar,95,67,Pass,https://www.legis.ga.gov/legislation/74772
26658-74773,2026-06-20,HB 16EX,"Blue Ridge, City of; ad valorem tax; provide homestead exemption",Local Calendar,95,67,Pass,https://www.legis.ga.gov/legislation/74773
26658-74774,2026-06-20,HB 17EX,Lumpkin County; ad valorem tax; provide homestead exemption,Local Calendar,95,67,Pass,https://www.legis.ga.gov/legislation/74774
26658-74775,2026-06-20,HB 18EX,Morgan County; ad valorem tax; provide homestead exemption,Local Calendar,95,67,Pass,https://www.legis.ga.gov/legislation/74775
26658-74776,2026-06-20,HB 19EX,Floyd County; ad valorem tax; provide homestead exemption,Local Calendar,95,67,Pass,https://www.legis.ga.gov/legislation/74776
26658-74777,2026-06-20,HB 20EX,"Madison, City of; ad valorem tax; provide homestead exemption",Local Calendar,95,67,Pass,https://www.legis.ga.gov/legislation/74777
26658-74778,2026-06-20,HB 21EX,Gilmer County; ad valorem tax; provide homestead exemption,Local Calendar,95,67,Pass,https://www.legis.ga.gov/legislation/74778
26658-74779,2026-06-20,HB 22EX,"Jakin, City of; ad valorem tax; provide homestead exemption",Local Calendar,95,67,Pass,https://www.legis.ga.gov/legislation/74779
26658-74780,2026-06-20,HB 23EX,"Arlington, City of; ad valorem tax; provide homestead exemption",Local Calendar,95,67,Pass,https://www.legis.ga.gov/legislation/74780
26658-74781,2026-06-20,HB 24EX,Franklin County; ad valorem tax; provide homestead exemption,Local Calendar,95,67,Pass,https://www.legis.ga.gov/legislation/74781
26658-74782,2026-06-20,HB 25EX,Stephens County; ad valorem tax; provide homestead exemption,Local Calendar,95,67,Pass,https://www.legis.ga.gov/legislation/74782
26658-74783,2026-06-20,HB 26EX,Ben Hill County; ad valorem tax; provide homestead exemption,Local Calendar,95,67,Pass,https://www.legis.ga.gov/legislation/74783
26658-74784,2026-06-20,HB 27EX,Lowndes County; ad valorem tax; provide homestead exemption,Local Calendar,95,67,Pass,https://www.legis.ga.gov/legislation/74784
26658-74785,2026-06-20,HB 28EX,"Fitzgerald, City of; ad valorem tax; provide homestead exemption",Local Calendar,95,67,Pass,https://www.legis.ga.gov/legislation/74785
26658-74786,2026-06-20,HB 29EX,Calhoun County; ad valorem tax; provide homestead exemption,Local Calendar,95,67,Pass,https://www.legis.ga.gov/legislation/74786
26658-74787,2026-06-20,HB 30EX,Early County; ad valorem tax; provide homestead exemption,Local Calendar,95,67,Pass,https://www.legis.ga.gov/legislation/74787
26658-74788,2026-06-20,HB 31EX,"Damascus, City of; ad valorem tax; provide homestead exemption",Local Calendar,95,67,Pass,https://www.legis.ga.gov/legislation/74788
26658-74789,2026-06-20,HB 32EX,Baker County; ad valorem tax; provide homestead exemption,Local Calendar,95,67,Pass,https://www.legis.ga.gov/legislation/74789
26658-74790,2026-06-20,HB 33EX,Cherokee County; ad valorem tax; provide homestead exemption,Local Calendar,95,67,Pass,https://www.legis.ga.gov/legislation/74790
26658-74791,2026-06-20,HB 34EX,"Plains, City of; ad valorem tax; provide homestead exemption",Local Calendar,95,67,Pass,https://www.legis.ga.gov/legislation/74791
26658-74792,2026-06-20,HB 35EX,Webster County; ad valorem tax; provide homestead exemption,Local Calendar,95,67,Pass,https://www.legis.ga.gov/legislation/74792
26658-74793,2026-06-20,HB 36EX,Catoosa County; ad valorem tax; provide homestead exemption,Local Calendar,95,67,Pass,https://www.legis.ga.gov/legislation/74793
26658-74794,2026-06-20,HB 37EX,Effingham County; ad valorem tax; provide homestead exemption,Local Calendar,95,67,Pass,https://www.legis.ga.gov/legislation/74794
26658-74802,2026-06-20,HB 38EX,"Arlington, City of; ad valorem tax; provide homestead exemption",Local Calendar,95,67,Pass,https://www.legis.ga.gov/legislation/74802
26658-74803,2026-06-20,HB 39EX,"Ringgold, City of; ad valorem tax; provide homestead exemption",Local Calendar,95,67,Pass,https://www.legis.ga.gov/legislation/74803
26658-74804,2026-06-20,HB 40EX,"Fort Oglethorpe, City of; ad valorem tax; provide homestead exemption",Local Calendar,95,67,Pass,https://www.legis.ga.gov/legislation/74804
26658-74805,2026-06-20,HB 41EX,Seminole County; ad valorem tax; provide homestead exemption,Local Calendar,95,67,Pass,https://www.legis.ga.gov/legislation/74805
26658-74806,2026-06-20,HB 42EX,"Edison, City of; ad valorem tax; provide homestead exemption",Local Calendar,95,67,Pass,https://www.legis.ga.gov/legislation/74806
26658-74807,2026-06-20,HB 43EX,"Blakely, City of; ad valorem tax; provide homestead exemption",Local Calendar,95,67,Pass,https://www.legis.ga.gov/legislation/74807
26658-74808,2026-06-20,HB 44EX,Harris County; ad valorem tax; provide homestead exemption,Local Calendar,95,67,Pass,https://www.legis.ga.gov/legislation/74808
26658-74809,2026-06-20,HB 45EX,"Emerson, City of; ad valorem tax; provide homestead exemption",Local Calendar,95,67,Pass,https://www.legis.ga.gov/legislation/74809
26658-74810,2026-06-20,HB 46EX,"Cartersville, City of; ad valorem tax; provide homestead exemption",Local Calendar,95,67,Pass,https://www.legis.ga.gov/legislation/74810
26658-74811,2026-06-20,HB 47EX,Bartow County; ad valorem tax; provide homestead exemption,Local Calendar,95,67,Pass,https://www.legis.ga.gov/legislation/74811
26658-74812,2026-06-20,HB 48EX,"Euharlee, City of; ad valorem tax; provide homestead exemption",Local Calendar,95,67,Pass,https://www.legis.ga.gov/legislation/74812
26658-74813,2026-06-20,HB 49EX,"Adairsville, City of; ad valorem tax; provide homestead exemption",Local Calendar,95,67,Pass,https://www.legis.ga.gov/legislation/74813
26658-74814,2026-06-20,HB 50EX,"White, City of; ad valorem tax; provide homestead exemption",Local Calendar,95,67,Pass,https://www.legis.ga.gov/legislation/74814
26658-74815,2026-06-20,HB 51EX,Troup County; ad valorem tax; provide homestead exemption,Local Calendar,95,67,Pass,https://www.legis.ga.gov/legislation/74815
26658-74816,2026-06-20,HB 52EX,"Walnut Grove, City of; ad valorem tax; provide homestead exemption",Local Calendar,95,67,Pass,https://www.legis.ga.gov/legislation/74816
26658-74817,2026-06-20,HB 53EX,"Monroe, City of; ad valorem tax; provide homestead exemption",Local Calendar,95,67,Pass,https://www.legis.ga.gov/legislation/74817
26658-74818,2026-06-20,HB 54EX,Bacon County; ad valorem tax; provide homestead exemption,Local Calendar,95,67,Pass,https://www.legis.ga.gov/legislation/74818
26658-74819,2026-06-20,HB 55EX,"Valdosta, City of; ad valorem tax; provide homestead exemption",Local Calendar,95,67,Pass,https://www.legis.ga.gov/legislation/74819
26658-74820,2026-06-20,HB 56EX,"Social Circle, City of; ad valorem tax; provide homestead exemption",Local Calendar,95,67,Pass,https://www.legis.ga.gov/legislation/74820
26658-74821,2026-06-20,HB 57EX,Pierce County; ad valorem tax; provide homestead exemption,Local Calendar,95,67,Pass,https://www.legis.ga.gov/legislation/74821
26658-74823,2026-06-20,HB 59EX,Walton County; ad valorem tax; provide homestead exemption,Local Calendar,95,67,Pass,https://www.legis.ga.gov/legislation/74823
26658-74824,2026-06-20,HB 60EX,Montgomery County; ad valorem tax; provide homestead exemption,Local Calendar,95,67,Pass,https://www.legis.ga.gov/legislation/74824
26658-74825,2026-06-20,HB 61EX,Twiggs County; ad valorem tax; provide homestead exemption,Local Calendar,95,67,Pass,https://www.legis.ga.gov/legislation/74825
26658-74826,2026-06-20,HB 62EX,"Cochran, City of; ad valorem tax; provide homestead exemption",Local Calendar,95,67,Pass,https://www.legis.ga.gov/legislation/74826
26658-74827,2026-06-20,HB 63EX,Dodge County; ad valorem tax; provide homestead exemption,Local Calendar,95,67,Pass,https://www.legis.ga.gov/legislation/74827
26658-74828,2026-06-20,HB 64EX,Bleckley County; ad valorem tax; provide homestead exemption,Local Calendar,95,67,Pass,https://www.legis.ga.gov/legislation/74828
26658-74829,2026-06-20,HB 65EX,"Dahlonega, City of; ad valorem tax; provide homestead exemption",Local Calendar,95,67,Pass,https://www.legis.ga.gov/legislation/74829
26658-74830,2026-06-20,HB 66EX,"Kingston, City of; ad valorem tax; provide homestead exemption",Local Calendar,95,67,Pass,https://www.legis.ga.gov/legislation/74830
26658-74831,2026-06-20,HB 67EX,"Rome, City of; ad valorem tax; provide homestead exemption",Local Calendar,95,67,Pass,https://www.legis.ga.gov/legislation/74831
26659-74752,2026-06-20,HR 3EX,General Assembly; motor fuel and diesel fuel taxes; ratify Governor Brian P. Kemp's Executive Order,ADOPT,161,0,Pass,https://www.legis.ga.gov/legislation/74752
26660-74754,2026-06-20,SB 1EX,Glynn County; ad valorem taxes; homestead property determined annually for the special district based upon the proceeds of a new Local Homestead Option Sales Tax (LHOST); provide homestead exemption,LOCAL CONSENT CALENDAR,33,18,Pass,https://www.legis.ga.gov/legislation/74754
26660-74755,2026-06-20,SB 2EX,City of Brunswick; ad valorem taxes; homestead property determined annually for the special district based upon the proceeds of a new Local Homestead Option Sales Tax (LHOST); provide homestead exemption,LOCAL CONSENT CALENDAR,33,18,Pass,https://www.legis.ga.gov/legislation/74755
26660-74757,2026-06-20,SB 4EX,Baldwin County; ad valorem taxes; homestead property determined annually for the special district based upon the proceeds of a new Local Homestead Option Sales Tax (LHOST); provide homestead exemption,LOCAL CONSENT CALENDAR,33,18,Pass,https://www.legis.ga.gov/legislation/74757
26666-74767,2026-06-20,SB 3EX,Election Equipment Specifications and Standards Committee; establish,PASSAGE AS AMENDED,33,19,Pass,https://www.legis.ga.gov/legislation/74767
26668-74754,2026-06-20,SB 1EX,Glynn County; ad valorem taxes; homestead property determined annually for the special district based upon the proceeds of a new Local Homestead Option Sales Tax (LHOST); provide homestead exemption,PASSAGE,33,18,Pass,https://www.legis.ga.gov/legislation/74754
26669-74755,2026-06-20,SB 2EX,City of Brunswick; ad valorem taxes; homestead property determined annually for the special district based upon the proceeds of a new Local Homestead Option Sales Tax (LHOST); provide homestead exemption,PASSAGE,33,18,Pass,https://www.legis.ga.gov/legislation/74755
26670-74757,2026-06-20,SB 4EX,Baldwin County; ad valorem taxes; homestead property determined annually for the special district based upon the proceeds of a new Local Homestead Option Sales Tax (LHOST); provide homestead exemption,PASSAGE,33,15,Pass,https://www.legis.ga.gov/legislation/74757
26672-74832,2026-06-22,HB 68EX,"Lyons, City of; ad valorem tax; provide homestead exemption",Local Calendar,97,74,Pass,https://www.legis.ga.gov/legislation/74832
26672-74838,2026-06-22,HB 70EX,Toombs County; ad valorem tax; provide homestead exemption,Local Calendar,97,74,Pass,https://www.legis.ga.gov/legislation/74838
26672-74839,2026-06-22,HB 71EX,"Blackshear, City of; ad valorem tax; provide homestead exemption",Local Calendar,97,74,Pass,https://www.legis.ga.gov/legislation/74839
26672-74840,2026-06-22,HB 72EX,"Patterson, City of; ad valorem tax; provide homestead exemption",Local Calendar,97,74,Pass,https://www.legis.ga.gov/legislation/74840
26672-74841,2026-06-22,HB 73EX,"East Dublin, City of; ad valorem tax; provide homestead exemption",Local Calendar,97,74,Pass,https://www.legis.ga.gov/legislation/74841
26672-74842,2026-06-22,HB 74EX,"Dexter, City of; ad valorem tax; provide homestead exemption",Local Calendar,97,74,Pass,https://www.legis.ga.gov/legislation/74842
26673-74753,2026-06-22,HB 1EX,"Dublin, City of; ad valorem tax; provide homestead exemption",Local Calendar,97,75,Pass,https://www.legis.ga.gov/legislation/74753
26673-74756,2026-06-22,HB 2EX,Sumter County; ad valorem tax; provide homestead exemption,Local Calendar,97,75,Pass,https://www.legis.ga.gov/legislation/74756
26673-74758,2026-06-22,HB 3EX,"Rentz, City of; ad valorem tax; provide homestead exemption",Local Calendar,97,75,Pass,https://www.legis.ga.gov/legislation/74758
26673-74759,2026-06-22,HB 4EX,"Dudley, City of; ad valorem tax; provide homestead exemption",Local Calendar,97,75,Pass,https://www.legis.ga.gov/legislation/74759
26673-74760,2026-06-22,HB 5EX,"Cadwell, City of; ad valorem tax; provide homestead exemption",Local Calendar,97,75,Pass,https://www.legis.ga.gov/legislation/74760
26673-74761,2026-06-22,HB 6EX,"Toccoa, City of; ad valorem tax; provide homestead exemption",Local Calendar,97,75,Pass,https://www.legis.ga.gov/legislation/74761
26673-74762,2026-06-22,HB 7EX,Laurens County; ad valorem tax; provide homestead exemption,Local Calendar,97,75,Pass,https://www.legis.ga.gov/legislation/74762
26673-74764,2026-06-22,HB 8EX,Walker County; ad valorem tax; provide homestead exemption,Local Calendar,97,75,Pass,https://www.legis.ga.gov/legislation/74764
26673-74765,2026-06-22,HB 9EX,Madison County; ad valorem tax; provide homestead exemption,Local Calendar,97,75,Pass,https://www.legis.ga.gov/legislation/74765
26673-74766,2026-06-22,HB 10EX,Worth County; ad valorem tax; provide homestead exemption,Local Calendar,97,75,Pass,https://www.legis.ga.gov/legislation/74766
26673-74768,2026-06-22,HB 11EX,Glynn County; ad valorem tax; provide homestead exemption,Local Calendar,97,75,Pass,https://www.legis.ga.gov/legislation/74768
26673-74769,2026-06-22,HB 12EX,"Brunswick, City of; ad valorem tax; provide homestead exemption",Local Calendar,97,75,Pass,https://www.legis.ga.gov/legislation/74769
26673-74770,2026-06-22,HB 13EX,Mitchell County; ad valorem tax; provide homestead exemption,Local Calendar,97,75,Pass,https://www.legis.ga.gov/legislation/74770
26673-74771,2026-06-22,HB 14EX,Fannin County; ad valorem tax; provide homestead exemption,Local Calendar,97,75,Pass,https://www.legis.ga.gov/legislation/74771
26673-74772,2026-06-22,HB 15EX,"McCaysville, City of; ad valorem tax; provide homestead exemption",Local Calendar,97,75,Pass,https://www.legis.ga.gov/legislation/74772
26673-74773,2026-06-22,HB 16EX,"Blue Ridge, City of; ad valorem tax; provide homestead exemption",Local Calendar,97,75,Pass,https://www.legis.ga.gov/legislation/74773
26673-74774,2026-06-22,HB 17EX,Lumpkin County; ad valorem tax; provide homestead exemption,Local Calendar,97,75,Pass,https://www.legis.ga.gov/legislation/74774
26673-74775,2026-06-22,HB 18EX,Morgan County; ad valorem tax; provide homestead exemption,Local Calendar,97,75,Pass,https://www.legis.ga.gov/legislation/74775
26673-74776,2026-06-22,HB 19EX,Floyd County; ad valorem tax; provide homestead exemption,Local Calendar,97,75,Pass,https://www.legis.ga.gov/legislation/74776
26673-74777,2026-06-22,HB 20EX,"Madison, City of; ad valorem tax; provide homestead exemption",Local Calendar,97,75,Pass,https://www.legis.ga.gov/legislation/74777
26673-74778,2026-06-22,HB 21EX,Gilmer County; ad valorem tax; provide homestead exemption,Local Calendar,97,75,Pass,https://www.legis.ga.gov/legislation/74778
26673-74779,2026-06-22,HB 22EX,"Jakin, City of; ad valorem tax; provide homestead exemption",Local Calendar,97,75,Pass,https://www.legis.ga.gov/legislation/74779
26673-74780,2026-06-22,HB 23EX,"Arlington, City of; ad valorem tax; provide homestead exemption",Local Calendar,97,75,Pass,https://www.legis.ga.gov/legislation/74780
26673-74781,2026-06-22,HB 24EX,Franklin County; ad valorem tax; provide homestead exemption,Local Calendar,97,75,Pass,https://www.legis.ga.gov/legislation/74781
26673-74782,2026-06-22,HB 25EX,Stephens County; ad valorem tax; provide homestead exemption,Local Calendar,97,75,Pass,https://www.legis.ga.gov/legislation/74782
26673-74783,2026-06-22,HB 26EX,Ben Hill County; ad valorem tax; provide homestead exemption,Local Calendar,97,75,Pass,https://www.legis.ga.gov/legislation/74783
26673-74784,2026-06-22,HB 27EX,Lowndes County; ad valorem tax; provide homestead exemption,Local Calendar,97,75,Pass,https://www.legis.ga.gov/legislation/74784
26673-74785,2026-06-22,HB 28EX,"Fitzgerald, City of; ad valorem tax; provide homestead exemption",Local Calendar,97,75,Pass,https://www.legis.ga.gov/legislation/74785
26673-74786,2026-06-22,HB 29EX,Calhoun County; ad valorem tax; provide homestead exemption,Local Calendar,97,75,Pass,https://www.legis.ga.gov/legislation/74786
26673-74787,2026-06-22,HB 30EX,Early County; ad valorem tax; provide homestead exemption,Local Calendar,97,75,Pass,https://www.legis.ga.gov/legislation/74787
26673-74788,2026-06-22,HB 31EX,"Damascus, City of; ad valorem tax; provide homestead exemption",Local Calendar,97,75,Pass,https://www.legis.ga.gov/legislation/74788
26673-74789,2026-06-22,HB 32EX,Baker County; ad valorem tax; provide homestead exemption,Local Calendar,97,75,Pass,https://www.legis.ga.gov/legislation/74789
26673-74790,2026-06-22,HB 33EX,Cherokee County; ad valorem tax; provide homestead exemption,Local Calendar,97,75,Pass,https://www.legis.ga.gov/legislation/74790
26673-74791,2026-06-22,HB 34EX,"Plains, City of; ad valorem tax; provide homestead exemption",Local Calendar,97,75,Pass,https://www.legis.ga.gov/legislation/74791
26673-74792,2026-06-22,HB 35EX,Webster County; ad valorem tax; provide homestead exemption,Local Calendar,97,75,Pass,https://www.legis.ga.gov/legislation/74792
26673-74793,2026-06-22,HB 36EX,Catoosa County; ad valorem tax; provide homestead exemption,Local Calendar,97,75,Pass,https://www.legis.ga.gov/legislation/74793
26673-74794,2026-06-22,HB 37EX,Effingham County; ad valorem tax; provide homestead exemption,Local Calendar,97,75,Pass,https://www.legis.ga.gov/legislation/74794
26673-74802,2026-06-22,HB 38EX,"Arlington, City of; ad valorem tax; provide homestead exemption",Local Calendar,97,75,Pass,https://www.legis.ga.gov/legislation/74802
26673-74803,2026-06-22,HB 39EX,"Ringgold, City of; ad valorem tax; provide homestead exemption",Local Calendar,97,75,Pass,https://www.legis.ga.gov/legislation/74803
26673-74804,2026-06-22,HB 40EX,"Fort Oglethorpe, City of; ad valorem tax; provide homestead exemption",Local Calendar,97,75,Pass,https://www.legis.ga.gov/legislation/74804
26673-74805,2026-06-22,HB 41EX,Seminole County; ad valorem tax; provide homestead exemption,Local Calendar,97,75,Pass,https://www.legis.ga.gov/legislation/74805
26673-74806,2026-06-22,HB 42EX,"Edison, City of; ad valorem tax; provide homestead exemption",Local Calendar,97,75,Pass,https://www.legis.ga.gov/legislation/74806
26673-74807,2026-06-22,HB 43EX,"Blakely, City of; ad valorem tax; provide homestead exemption",Local Calendar,97,75,Pass,https://www.legis.ga.gov/legislation/74807
26673-74808,2026-06-22,HB 44EX,Harris County; ad valorem tax; provide homestead exemption,Local Calendar,97,75,Pass,https://www.legis.ga.gov/legislation/74808
26673-74809,2026-06-22,HB 45EX,"Emerson, City of; ad valorem tax; provide homestead exemption",Local Calendar,97,75,Pass,https://www.legis.ga.gov/legislation/74809
26673-74810,2026-06-22,HB 46EX,"Cartersville, City of; ad valorem tax; provide homestead exemption",Local Calendar,97,75,Pass,https://www.legis.ga.gov/legislation/74810
26673-74811,2026-06-22,HB 47EX,Bartow County; ad valorem tax; provide homestead exemption,Local Calendar,97,75,Pass,https://www.legis.ga.gov/legislation/74811
26673-74812,2026-06-22,HB 48EX,"Euharlee, City of; ad valorem tax; provide homestead exemption",Local Calendar,97,75,Pass,https://www.legis.ga.gov/legislation/74812
26673-74813,2026-06-22,HB 49EX,"Adairsville, City of; ad valorem tax; provide homestead exemption",Local Calendar,97,75,Pass,https://www.legis.ga.gov/legislation/74813
26673-74814,2026-06-22,HB 50EX,"White, City of; ad valorem tax; provide homestead exemption",Local Calendar,97,75,Pass,https://www.legis.ga.gov/legislation/74814
26673-74815,2026-06-22,HB 51EX,Troup County; ad valorem tax; provide homestead exemption,Local Calendar,97,75,Pass,https://www.legis.ga.gov/legislation/74815
26673-74816,2026-06-22,HB 52EX,"Walnut Grove, City of; ad valorem tax; provide homestead exemption",Local Calendar,97,75,Pass,https://www.legis.ga.gov/legislation/74816
26673-74817,2026-06-22,HB 53EX,"Monroe, City of; ad valorem tax; provide homestead exemption",Local Calendar,97,75,Pass,https://www.legis.ga.gov/legislation/74817
26673-74818,2026-06-22,HB 54EX,Bacon County; ad valorem tax; provide homestead exemption,Local Calendar,97,75,Pass,https://www.legis.ga.gov/legislation/74818
26673-74819,2026-06-22,HB 55EX,"Valdosta, City of; ad valorem tax; provide homestead exemption",Local Calendar,97,75,Pass,https://www.legis.ga.gov/legislation/74819
26673-74820,2026-06-22,HB 56EX,"Social Circle, City of; ad valorem tax; provide homestead exemption",Local Calendar,97,75,Pass,https://www.legis.ga.gov/legislation/74820
26673-74821,2026-06-22,HB 57EX,Pierce County; ad valorem tax; provide homestead exemption,Local Calendar,97,75,Pass,https://www.legis.ga.gov/legislation/74821
26673-74823,2026-06-22,HB 59EX,Walton County; ad valorem tax; provide homestead exemption,Local Calendar,97,75,Pass,https://www.legis.ga.gov/legislation/74823
26673-74824,2026-06-22,HB 60EX,Montgomery County; ad valorem tax; provide homestead exemption,Local Calendar,97,75,Pass,https://www.legis.ga.gov/legislation/74824
26673-74825,2026-06-22,HB 61EX,Twiggs County; ad valorem tax; provide homestead exemption,Local Calendar,97,75,Pass,https://www.legis.ga.gov/legislation/74825
26673-74826,2026-06-22,HB 62EX,"Cochran, City of; ad valorem tax; provide homestead exemption",Local Calendar,97,75,Pass,https://www.legis.ga.gov/legislation/74826
26673-74827,2026-06-22,HB 63EX,Dodge County; ad valorem tax; provide homestead exemption,Local Calendar,97,75,Pass,https://www.legis.ga.gov/legislation/74827
26673-74828,2026-06-22,HB 64EX,Bleckley County; ad valorem tax; provide homestead exemption,Local Calendar,97,75,Pass,https://www.legis.ga.gov/legislation/74828
26673-74829,2026-06-22,HB 65EX,"Dahlonega, City of; ad valorem tax; provide homestead exemption",Local Calendar,97,75,Pass,https://www.legis.ga.gov/legislation/74829
26673-74830,2026-06-22,HB 66EX,"Kingston, City of; ad valorem tax; provide homestead exemption",Local Calendar,97,75,Pass,https://www.legis.ga.gov/legislation/74830
26673-74831,2026-06-22,HB 67EX,"Rome, City of; ad valorem tax; provide homestead exemption",Local Calendar,97,75,Pass,https://www.legis.ga.gov/legislation/74831
26674-74753,2026-06-22,HB 1EX,"Dublin, City of; ad valorem tax; provide homestead exemption",Local Calendar,99,74,Pass,https://www.legis.ga.gov/legislation/74753
26674-74756,2026-06-22,HB 2EX,Sumter County; ad valorem tax; provide homestead exemption,Local Calendar,99,74,Pass,https://www.legis.ga.gov/legislation/74756
26674-74758,2026-06-22,HB 3EX,"Rentz, City of; ad valorem tax; provide homestead exemption",Local Calendar,99,74,Pass,https://www.legis.ga.gov/legislation/74758
26674-74759,2026-06-22,HB 4EX,"Dudley, City of; ad valorem tax; provide homestead exemption",Local Calendar,99,74,Pass,https://www.legis.ga.gov/legislation/74759
26674-74760,2026-06-22,HB 5EX,"Cadwell, City of; ad valorem tax; provide homestead exemption",Local Calendar,99,74,Pass,https://www.legis.ga.gov/legislation/74760
26674-74761,2026-06-22,HB 6EX,"Toccoa, City of; ad valorem tax; provide homestead exemption",Local Calendar,99,74,Pass,https://www.legis.ga.gov/legislation/74761
26674-74762,2026-06-22,HB 7EX,Laurens County; ad valorem tax; provide homestead exemption,Local Calendar,99,74,Pass,https://www.legis.ga.gov/legislation/74762
26674-74764,2026-06-22,HB 8EX,Walker County; ad valorem tax; provide homestead exemption,Local Calendar,99,74,Pass,https://www.legis.ga.gov/legislation/74764
26674-74765,2026-06-22,HB 9EX,Madison County; ad valorem tax; provide homestead exemption,Local Calendar,99,74,Pass,https://www.legis.ga.gov/legislation/74765
26674-74766,2026-06-22,HB 10EX,Worth County; ad valorem tax; provide homestead exemption,Local Calendar,99,74,Pass,https://www.legis.ga.gov/legislation/74766
26674-74768,2026-06-22,HB 11EX,Glynn County; ad valorem tax; provide homestead exemption,Local Calendar,99,74,Pass,https://www.legis.ga.gov/legislation/74768
26674-74769,2026-06-22,HB 12EX,"Brunswick, City of; ad valorem tax; provide homestead exemption",Local Calendar,99,74,Pass,https://www.legis.ga.gov/legislation/74769
26674-74770,2026-06-22,HB 13EX,Mitchell County; ad valorem tax; provide homestead exemption,Local Calendar,99,74,Pass,https://www.legis.ga.gov/legislation/74770
26674-74771,2026-06-22,HB 14EX,Fannin County; ad valorem tax; provide homestead exemption,Local Calendar,99,74,Pass,https://www.legis.ga.gov/legislation/74771
26674-74772,2026-06-22,HB 15EX,"McCaysville, City of; ad valorem tax; provide homestead exemption",Local Calendar,99,74,Pass,https://www.legis.ga.gov/legislation/74772
26674-74773,2026-06-22,HB 16EX,"Blue Ridge, City of; ad valorem tax; provide homestead exemption",Local Calendar,99,74,Pass,https://www.legis.ga.gov/legislation/74773
26674-74774,2026-06-22,HB 17EX,Lumpkin County; ad valorem tax; provide homestead exemption,Local Calendar,99,74,Pass,https://www.legis.ga.gov/legislation/74774
26674-74775,2026-06-22,HB 18EX,Morgan County; ad valorem tax; provide homestead exemption,Local Calendar,99,74,Pass,https://www.legis.ga.gov/legislation/74775
26674-74776,2026-06-22,HB 19EX,Floyd County; ad valorem tax; provide homestead exemption,Local Calendar,99,74,Pass,https://www.legis.ga.gov/legislation/74776
26674-74777,2026-06-22,HB 20EX,"Madison, City of; ad valorem tax; provide homestead exemption",Local Calendar,99,74,Pass,https://www.legis.ga.gov/legislation/74777
26674-74778,2026-06-22,HB 21EX,Gilmer County; ad valorem tax; provide homestead exemption,Local Calendar,99,74,Pass,https://www.legis.ga.gov/legislation/74778
26674-74779,2026-06-22,HB 22EX,"Jakin, City of; ad valorem tax; provide homestead exemption",Local Calendar,99,74,Pass,https://www.legis.ga.gov/legislation/74779
26674-74780,2026-06-22,HB 23EX,"Arlington, City of; ad valorem tax; provide homestead exemption",Local Calendar,99,74,Pass,https://www.legis.ga.gov/legislation/74780
26674-74781,2026-06-22,HB 24EX,Franklin County; ad valorem tax; provide homestead exemption,Local Calendar,99,74,Pass,https://www.legis.ga.gov/legislation/74781
26674-74782,2026-06-22,HB 25EX,Stephens County; ad valorem tax; provide homestead exemption,Local Calendar,99,74,Pass,https://www.legis.ga.gov/legislation/74782
26674-74783,2026-06-22,HB 26EX,Ben Hill County; ad valorem tax; provide homestead exemption,Local Calendar,99,74,Pass,https://www.legis.ga.gov/legislation/74783
26674-74784,2026-06-22,HB 27EX,Lowndes County; ad valorem tax; provide homestead exemption,Local Calendar,99,74,Pass,https://www.legis.ga.gov/legislation/74784
26674-74785,2026-06-22,HB 28EX,"Fitzgerald, City of; ad valorem tax; provide homestead exemption",Local Calendar,99,74,Pass,https://www.legis.ga.gov/legislation/74785
26674-74786,2026-06-22,HB 29EX,Calhoun County; ad valorem tax; provide homestead exemption,Local Calendar,99,74,Pass,https://www.legis.ga.gov/legislation/74786
26674-74787,2026-06-22,HB 30EX,Early County; ad valorem tax; provide homestead exemption,Local Calendar,99,74,Pass,https://www.legis.ga.gov/legislation/74787
26674-74788,2026-06-22,HB 31EX,"Damascus, City of; ad valorem tax; provide homestead exemption",Local Calendar,99,74,Pass,https://www.legis.ga.gov/legislation/74788
26674-74789,2026-06-22,HB 32EX,Baker County; ad valorem tax; provide homestead exemption,Local Calendar,99,74,Pass,https://www.legis.ga.gov/legislation/74789
26674-74790,2026-06-22,HB 33EX,Cherokee County; ad valorem tax; provide homestead exemption,Local Calendar,99,74,Pass,https://www.legis.ga.gov/legislation/74790
26674-74791,2026-06-22,HB 34EX,"Plains, City of; ad valorem tax; provide homestead exemption",Local Calendar,99,74,Pass,https://www.legis.ga.gov/legislation/74791
26674-74792,2026-06-22,HB 35EX,Webster County; ad valorem tax; provide homestead exemption,Local Calendar,99,74,Pass,https://www.legis.ga.gov/legislation/74792
26674-74793,2026-06-22,HB 36EX,Catoosa County; ad valorem tax; provide homestead exemption,Local Calendar,99,74,Pass,https://www.legis.ga.gov/legislation/74793
26674-74794,2026-06-22,HB 37EX,Effingham County; ad valorem tax; provide homestead exemption,Local Calendar,99,74,Pass,https://www.legis.ga.gov/legislation/74794
26674-74802,2026-06-22,HB 38EX,"Arlington, City of; ad valorem tax; provide homestead exemption",Local Calendar,99,74,Pass,https://www.legis.ga.gov/legislation/74802
26674-74803,2026-06-22,HB 39EX,"Ringgold, City of; ad valorem tax; provide homestead exemption",Local Calendar,99,74,Pass,https://www.legis.ga.gov/legislation/74803
26674-74804,2026-06-22,HB 40EX,"Fort Oglethorpe, City of; ad valorem tax; provide homestead exemption",Local Calendar,99,74,Pass,https://www.legis.ga.gov/legislation/74804
26674-74805,2026-06-22,HB 41EX,Seminole County; ad valorem tax; provide homestead exemption,Local Calendar,99,74,Pass,https://www.legis.ga.gov/legislation/74805
26674-74806,2026-06-22,HB 42EX,"Edison, City of; ad valorem tax; provide homestead exemption",Local Calendar,99,74,Pass,https://www.legis.ga.gov/legislation/74806
26674-74807,2026-06-22,HB 43EX,"Blakely, City of; ad valorem tax; provide homestead exemption",Local Calendar,99,74,Pass,https://www.legis.ga.gov/legislation/74807
26674-74808,2026-06-22,HB 44EX,Harris County; ad valorem tax; provide homestead exemption,Local Calendar,99,74,Pass,https://www.legis.ga.gov/legislation/74808
26674-74809,2026-06-22,HB 45EX,"Emerson, City of; ad valorem tax; provide homestead exemption",Local Calendar,99,74,Pass,https://www.legis.ga.gov/legislation/74809
26674-74810,2026-06-22,HB 46EX,"Cartersville, City of; ad valorem tax; provide homestead exemption",Local Calendar,99,74,Pass,https://www.legis.ga.gov/legislation/74810
26674-74811,2026-06-22,HB 47EX,Bartow County; ad valorem tax; provide homestead exemption,Local Calendar,99,74,Pass,https://www.legis.ga.gov/legislation/74811
26674-74812,2026-06-22,HB 48EX,"Euharlee, City of; ad valorem tax; provide homestead exemption",Local Calendar,99,74,Pass,https://www.legis.ga.gov/legislation/74812
26674-74813,2026-06-22,HB 49EX,"Adairsville, City of; ad valorem tax; provide homestead exemption",Local Calendar,99,74,Pass,https://www.legis.ga.gov/legislation/74813
26674-74814,2026-06-22,HB 50EX,"White, City of; ad valorem tax; provide homestead exemption",Local Calendar,99,74,Pass,https://www.legis.ga.gov/legislation/74814
26674-74815,2026-06-22,HB 51EX,Troup County; ad valorem tax; provide homestead exemption,Local Calendar,99,74,Pass,https://www.legis.ga.gov/legislation/74815
26674-74816,2026-06-22,HB 52EX,"Walnut Grove, City of; ad valorem tax; provide homestead exemption",Local Calendar,99,74,Pass,https://www.legis.ga.gov/legislation/74816
26674-74817,2026-06-22,HB 53EX,"Monroe, City of; ad valorem tax; provide homestead exemption",Local Calendar,99,74,Pass,https://www.legis.ga.gov/legislation/74817
26674-74818,2026-06-22,HB 54EX,Bacon County; ad valorem tax; provide homestead exemption,Local Calendar,99,74,Pass,https://www.legis.ga.gov/legislation/74818
26674-74819,2026-06-22,HB 55EX,"Valdosta, City of; ad valorem tax; provide homestead exemption",Local Calendar,99,74,Pass,https://www.legis.ga.gov/legislation/74819
26674-74820,2026-06-22,HB 56EX,"Social Circle, City of; ad valorem tax; provide homestead exemption",Local Calendar,99,74,Pass,https://www.legis.ga.gov/legislation/74820
26674-74821,2026-06-22,HB 57EX,Pierce County; ad valorem tax; provide homestead exemption,Local Calendar,99,74,Pass,https://www.legis.ga.gov/legislation/74821
26674-74823,2026-06-22,HB 59EX,Walton County; ad valorem tax; provide homestead exemption,Local Calendar,99,74,Pass,https://www.legis.ga.gov/legislation/74823
26674-74824,2026-06-22,HB 60EX,Montgomery County; ad valorem tax; provide homestead exemption,Local Calendar,99,74,Pass,https://www.legis.ga.gov/legislation/74824
26674-74826,2026-06-22,HB 62EX,"Cochran, City of; ad valorem tax; provide homestead exemption",Local Calendar,99,74,Pass,https://www.legis.ga.gov/legislation/74826
26674-74827,2026-06-22,HB 63EX,Dodge County; ad valorem tax; provide homestead exemption,Local Calendar,99,74,Pass,https://www.legis.ga.gov/legislation/74827
26674-74828,2026-06-22,HB 64EX,Bleckley County; ad valorem tax; provide homestead exemption,Local Calendar,99,74,Pass,https://www.legis.ga.gov/legislation/74828
26674-74829,2026-06-22,HB 65EX,"Dahlonega, City of; ad valorem tax; provide homestead exemption",Local Calendar,99,74,Pass,https://www.legis.ga.gov/legislation/74829
26674-74830,2026-06-22,HB 66EX,"Kingston, City of; ad valorem tax; provide homestead exemption",Local Calendar,99,74,Pass,https://www.legis.ga.gov/legislation/74830
26674-74831,2026-06-22,HB 67EX,"Rome, City of; ad valorem tax; provide homestead exemption",Local Calendar,99,74,Pass,https://www.legis.ga.gov/legislation/74831
26677-74856,2026-06-22,SB 5EX,City of Toccoa; ad valorem taxes; homestead property determined annually for the special district based upon the proceeds of a new Local Homestead Option Sales Tax (LHOST); provide homestead exemption,LOCAL CONSENT CALENDAR,31,20,Pass,https://www.legis.ga.gov/legislation/74856
26677-74858,2026-06-22,SB 6EX,Stephens County; ad valorem taxes; homestead property determined annually for the special district based upon the proceeds of a new Local Homestead Option Sales Tax (LHOST); provide homestead exemption,LOCAL CONSENT CALENDAR,31,20,Pass,https://www.legis.ga.gov/legislation/74858
26677-74862,2026-06-22,SB 7EX,Webster County; ad valorem taxes; homestead property determined annually for the special district based upon the proceeds of a new Local Homestead Option Sales Tax (LHOST); provide homestead exemption,LOCAL CONSENT CALENDAR,31,20,Pass,https://www.legis.ga.gov/legislation/74862
26677-74863,2026-06-22,SB 8EX,City of Plains; ad valorem taxes; homestead property determined annually for the special district based upon the proceeds of a new Local Homestead Option Sales Tax (LHOST); provide homestead exemption,LOCAL CONSENT CALENDAR,31,20,Pass,https://www.legis.ga.gov/legislation/74863
26677-74864,2026-06-22,SB 9EX,Sumter County; ad valorem taxes; homestead property determined annually for the special district based upon the proceeds of a new Local Homestead Option Sales Tax (LHOST); provide homestead exemption,LOCAL CONSENT CALENDAR,31,20,Pass,https://www.legis.ga.gov/legislation/74864
26680-74843,2026-06-23,HB 75EX,Lanier County; ad valorem tax; provide homestead exemption,Local Calendar,96,71,Pass,https://www.legis.ga.gov/legislation/74843
26680-74844,2026-06-23,HB 76EX,Taylor County; ad valorem tax; provide homestead exemption,Local Calendar,96,71,Pass,https://www.legis.ga.gov/legislation/74844
26680-74845,2026-06-23,HB 77EX,"Butler, City of; ad valorem tax; provide homestead exemption",Local Calendar,96,71,Pass,https://www.legis.ga.gov/legislation/74845
26680-74846,2026-06-23,HB 78EX,"Tifton, City of; ad valorem tax; provide homestead exemption",Local Calendar,96,71,Pass,https://www.legis.ga.gov/legislation/74846
26680-74847,2026-06-23,HB 79EX,Tift County; ad valorem tax; provide homestead exemption,Local Calendar,96,71,Pass,https://www.legis.ga.gov/legislation/74847
26680-74848,2026-06-23,HB 80EX,Fayette County; ad valorem tax; provide homestead exemption,Local Calendar,96,71,Pass,https://www.legis.ga.gov/legislation/74848
26680-74849,2026-06-23,HB 81EX,"Santa Claus, City of; ad valorem tax; provide homestead exemption",Local Calendar,96,71,Pass,https://www.legis.ga.gov/legislation/74849
26680-74857,2026-06-23,HB 82EX,Telfair County; ad valorem tax; provide homestead exemption,Local Calendar,96,71,Pass,https://www.legis.ga.gov/legislation/74857
26680-74859,2026-06-23,HB 83EX,Forsyth County; ad valorem tax; provide homestead exemption,Local Calendar,96,71,Pass,https://www.legis.ga.gov/legislation/74859
26681-74843,2026-06-23,HB 75EX,Lanier County; ad valorem tax; provide homestead exemption,Local Calendar,97,72,Pass,https://www.legis.ga.gov/legislation/74843
26681-74844,2026-06-23,HB 76EX,Taylor County; ad valorem tax; provide homestead exemption,Local Calendar,97,72,Pass,https://www.legis.ga.gov/legislation/74844
26681-74845,2026-06-23,HB 77EX,"Butler, City of; ad valorem tax; provide homestead exemption",Local Calendar,97,72,Pass,https://www.legis.ga.gov/legislation/74845
26681-74846,2026-06-23,HB 78EX,"Tifton, City of; ad valorem tax; provide homestead exemption",Local Calendar,97,72,Pass,https://www.legis.ga.gov/legislation/74846
26681-74847,2026-06-23,HB 79EX,Tift County; ad valorem tax; provide homestead exemption,Local Calendar,97,72,Pass,https://www.legis.ga.gov/legislation/74847
26681-74848,2026-06-23,HB 80EX,Fayette County; ad valorem tax; provide homestead exemption,Local Calendar,97,72,Pass,https://www.legis.ga.gov/legislation/74848
26681-74849,2026-06-23,HB 81EX,"Santa Claus, City of; ad valorem tax; provide homestead exemption",Local Calendar,97,72,Pass,https://www.legis.ga.gov/legislation/74849
26681-74857,2026-06-23,HB 82EX,Telfair County; ad valorem tax; provide homestead exemption,Local Calendar,97,72,Pass,https://www.legis.ga.gov/legislation/74857
26681-74859,2026-06-23,HB 83EX,Forsyth County; ad valorem tax; provide homestead exemption,Local Calendar,97,72,Pass,https://www.legis.ga.gov/legislation/74859
26682-74843,2026-06-23,HB 75EX,Lanier County; ad valorem tax; provide homestead exemption,Local Calendar,97,72,Pass,https://www.legis.ga.gov/legislation/74843
26682-74844,2026-06-23,HB 76EX,Taylor County; ad valorem tax; provide homestead exemption,Local Calendar,97,72,Pass,https://www.legis.ga.gov/legislation/74844
26682-74845,2026-06-23,HB 77EX,"Butler, City of; ad valorem tax; provide homestead exemption",Local Calendar,97,72,Pass,https://www.legis.ga.gov/legislation/74845
26682-74846,2026-06-23,HB 78EX,"Tifton, City of; ad valorem tax; provide homestead exemption",Local Calendar,97,72,Pass,https://www.legis.ga.gov/legislation/74846
26682-74847,2026-06-23,HB 79EX,Tift County; ad valorem tax; provide homestead exemption,Local Calendar,97,72,Pass,https://www.legis.ga.gov/legislation/74847
26682-74848,2026-06-23,HB 80EX,Fayette County; ad valorem tax; provide homestead exemption,Local Calendar,97,72,Pass,https://www.legis.ga.gov/legislation/74848
26682-74849,2026-06-23,HB 81EX,"Santa Claus, City of; ad valorem tax; provide homestead exemption",Local Calendar,97,72,Pass,https://www.legis.ga.gov/legislation/74849
26682-74857,2026-06-23,HB 82EX,Telfair County; ad valorem tax; provide homestead exemption,Local Calendar,97,72,Pass,https://www.legis.ga.gov/legislation/74857
26682-74859,2026-06-23,HB 83EX,Forsyth County; ad valorem tax; provide homestead exemption,Local Calendar,97,72,Pass,https://www.legis.ga.gov/legislation/74859
26683-74832,2026-06-23,HB 68EX,"Lyons, City of; ad valorem tax; provide homestead exemption",Previous Local Calendar,97,72,Pass,https://www.legis.ga.gov/legislation/74832
26683-74838,2026-06-23,HB 70EX,Toombs County; ad valorem tax; provide homestead exemption,Previous Local Calendar,97,72,Pass,https://www.legis.ga.gov/legislation/74838
26683-74839,2026-06-23,HB 71EX,"Blackshear, City of; ad valorem tax; provide homestead exemption",Previous Local Calendar,97,72,Pass,https://www.legis.ga.gov/legislation/74839
26683-74840,2026-06-23,HB 72EX,"Patterson, City of; ad valorem tax; provide homestead exemption",Previous Local Calendar,97,72,Pass,https://www.legis.ga.gov/legislation/74840
26683-74841,2026-06-23,HB 73EX,"East Dublin, City of; ad valorem tax; provide homestead exemption",Previous Local Calendar,97,72,Pass,https://www.legis.ga.gov/legislation/74841
26683-74842,2026-06-23,HB 74EX,"Dexter, City of; ad valorem tax; provide homestead exemption",Previous Local Calendar,97,72,Pass,https://www.legis.ga.gov/legislation/74842
26684-74832,2026-06-23,HB 68EX,"Lyons, City of; ad valorem tax; provide homestead exemption",Local Calendar,97,72,Pass,https://www.legis.ga.gov/legislation/74832
26684-74838,2026-06-23,HB 70EX,Toombs County; ad valorem tax; provide homestead exemption,Local Calendar,97,72,Pass,https://www.legis.ga.gov/legislation/74838
26684-74839,2026-06-23,HB 71EX,"Blackshear, City of; ad valorem tax; provide homestead exemption",Local Calendar,97,72,Pass,https://www.legis.ga.gov/legislation/74839
26684-74840,2026-06-23,HB 72EX,"Patterson, City of; ad valorem tax; provide homestead exemption",Local Calendar,97,72,Pass,https://www.legis.ga.gov/legislation/74840
26684-74841,2026-06-23,HB 73EX,"East Dublin, City of; ad valorem tax; provide homestead exemption",Local Calendar,97,72,Pass,https://www.legis.ga.gov/legislation/74841
26684-74842,2026-06-23,HB 74EX,"Dexter, City of; ad valorem tax; provide homestead exemption",Local Calendar,97,72,Pass,https://www.legis.ga.gov/legislation/74842
26685-74767,2026-06-23,SB 3EX,Election Equipment Specifications and Standards Committee; establish,PASSAGE,94,79,Pass,https://www.legis.ga.gov/legislation/74767
26689-74752,2026-06-23,HR 3EX,General Assembly; motor fuel and diesel fuel taxes; ratify Governor Brian P. Kemp's Executive Order,ADOPTION,50,1,Pass,https://www.legis.ga.gov/legislation/74752
26690-74856,2026-06-23,SB 5EX,City of Toccoa; ad valorem taxes; homestead property determined annually for the special district based upon the proceeds of a new Local Homestead Option Sales Tax (LHOST); provide homestead exemption,PASSAGE,32,19,Pass,https://www.legis.ga.gov/legislation/74856
26691-74858,2026-06-23,SB 6EX,Stephens County; ad valorem taxes; homestead property determined annually for the special district based upon the proceeds of a new Local Homestead Option Sales Tax (LHOST); provide homestead exemption,PASSAGE,32,20,Pass,https://www.legis.ga.gov/legislation/74858
26692-74767,2026-06-23,SB 3EX,Election Equipment Specifications and Standards Committee; establish,AGREE TO HOUSE SUBSTITUTE AS AMENDED,19,32,Fail,https://www.legis.ga.gov/legislation/74767
26693-74767,2026-06-23,SB 3EX,Election Equipment Specifications and Standards Committee; establish,AGREE TO HOUSE SUBSTITUTE,36,16,Pass,https://www.legis.ga.gov/legislation/74767
